
> route-planning-dashboard@0.0.1 dev
> next dev

▲ Next.js 16.2.4 (Turbopack)
- Local:         http://localhost:3000
- Network:       http://10.12.60.82:3000
- Environments: .env.local
✓ Ready in 467ms
⚠ Warning: Next.js inferred your workspace root, but it may not be correct.
 We detected multiple lockfiles and selected the directory of /Users/B0081451/package-lock.json as the root directory.
 To silence this warning, set `turbopack.root` in your Next.js config, or consider removing one of the lockfiles if it's not needed.
   See https://nextjs.org/docs/app/api-reference/config/next-config-js/turbopack#root-directory for more information.
 Detected additional lockfiles: 
   * /Users/B0081451/route-planning-demo/dashboard/package-lock.json


 GET / 200 in 98ms (next.js: 74ms, application-code: 23ms)
 GET / 200 in 27ms (next.js: 4ms, application-code: 23ms)
 GET / 200 in 66ms (next.js: 20ms, application-code: 46ms)
[browser] failed to fetch workers: TypeError: Load failed
[browser] failed to fetch tasks: TypeError: Load failed
[browser] failed to fetch routes: TypeError: Load failed
 GET / 200 in 88ms (next.js: 36ms, application-code: 51ms)
[browser] As of February 21st, 2024, google.maps.Marker is deprecated. Please use google.maps.marker.AdvancedMarkerElement instead. At this time, google.maps.Marker is not scheduled to be discontinued, but google.maps.marker.AdvancedMarkerElement is recommended over google.maps.Marker. While google.maps.Marker will continue to receive bug fixes for any major regressions, existing bugs in google.maps.Marker will not be addressed. At least 12 months notice will be given before support is discontinued. Please see https://developers.google.com/maps/deprecations for additional details and https://developers.google.com/maps/documentation/javascript/advanced-markers/migration for the migration guide. (https://maps.googleapis.com/maps-api-v3/api/js/64/9c/main.js:420:210)
 GET / 304 in 54ms (next.js: 16ms, application-code: 38ms)
[browser] As of February 21st, 2024, google.maps.Marker is deprecated. Please use google.maps.marker.AdvancedMarkerElement instead. At this time, google.maps.Marker is not scheduled to be discontinued, but google.maps.marker.AdvancedMarkerElement is recommended over google.maps.Marker. While google.maps.Marker will continue to receive bug fixes for any major regressions, existing bugs in google.maps.Marker will not be addressed. At least 12 months notice will be given before support is discontinued. Please see https://developers.google.com/maps/deprecations for additional details and https://developers.google.com/maps/documentation/javascript/advanced-markers/migration for the migration guide. (https://maps.googleapis.com/maps-api-v3/api/js/64/9c/main.js:420:210)
[browser] scenario 6 failed: TypeError: Failed to fetch
    at triggerScenario (pages/index.tsx:193:13)
    at onClick (pages/index.tsx:284:40)
  191 |       const url = new URL(`${API_URL}/scenario/${n}`);
  192 |       if (n === 6) url.searchParams.set("alpha", String(alpha));
> 193 |       await fetch(url.toString(), { method: "POST" });
      |             ^
  194 |     } catch (e) {
  195 |       console.error(`scenario ${n} failed:`, e);
  196 |     } finally { (pages/index.tsx:195:15)
✓ Compiled in 845ms
✓ Compiled in 36ms
✓ Compiled in 30ms
✓ Compiled in 31ms
✓ Compiled in 28ms
✓ Compiled in 35ms
✓ Compiled in 22ms
✓ Compiled in 132ms
✓ Compiled in 106ms
✓ Compiled in 50ms
✓ Compiled in 231ms
 GET / 200 in 172ms (next.js: 129ms, application-code: 43ms)
[browser] As of February 21st, 2024, google.maps.Marker is deprecated. Please use google.maps.marker.AdvancedMarkerElement instead. At this time, google.maps.Marker is not scheduled to be discontinued, but google.maps.marker.AdvancedMarkerElement is recommended over google.maps.Marker. While google.maps.Marker will continue to receive bug fixes for any major regressions, existing bugs in google.maps.Marker will not be addressed. At least 12 months notice will be given before support is discontinued. Please see https://developers.google.com/maps/deprecations for additional details and https://developers.google.com/maps/documentation/javascript/advanced-markers/migration for the migration guide. (https://maps.googleapis.com/maps-api-v3/api/js/64/11d/main.js:415:208)
[browser] [Map] OSRM fallback to straight-line segments: TypeError: Failed to fetch
    at fetchRouteGeometry (components/Map.tsx:171:23)
    at MapPanel.useEffect (components/Map.tsx:693:30)
    at MapPanel.useEffect (components/Map.tsx:696:10)
  169 |     const controller = new AbortController();
  170 |     const timeout = setTimeout(() => controller.abort(), OSRM_TIMEOUT_MS);
> 171 |     const res = await fetch(url, { signal: controller.signal });
      |                       ^
  172 |     clearTimeout(timeout);
  173 |     if (!res.ok) throw new Error(`OSRM HTTP ${res.status}`);
  174 |     const body = await res.json(); (components/Map.tsx:182:13)
[browser] [Map] OSRM fallback to straight-line segments: TypeError: Failed to fetch
    at fetchRouteGeometry (components/Map.tsx:171:23)
    at MapPanel.useEffect (components/Map.tsx:761:28)
    at MapPanel.useEffect (components/Map.tsx:764:8)
  169 |     const controller = new AbortController();
  170 |     const timeout = setTimeout(() => controller.abort(), OSRM_TIMEOUT_MS);
> 171 |     const res = await fetch(url, { signal: controller.signal });
      |                       ^
  172 |     clearTimeout(timeout);
  173 |     if (!res.ok) throw new Error(`OSRM HTTP ${res.status}`);
  174 |     const body = await res.json(); (components/Map.tsx:182:13)
[browser] [Map] OSRM fallback to straight-line segments: TypeError: Failed to fetch
    at fetchRouteGeometry (components/Map.tsx:171:23)
    at MapPanel.useEffect (components/Map.tsx:693:30)
    at MapPanel.useEffect (components/Map.tsx:696:10)
  169 |     const controller = new AbortController();
  170 |     const timeout = setTimeout(() => controller.abort(), OSRM_TIMEOUT_MS);
> 171 |     const res = await fetch(url, { signal: controller.signal });
      |                       ^
  172 |     clearTimeout(timeout);
  173 |     if (!res.ok) throw new Error(`OSRM HTTP ${res.status}`);
  174 |     const body = await res.json(); (components/Map.tsx:182:13)
[browser] [Map] OSRM fallback to straight-line segments: TypeError: Failed to fetch
    at fetchRouteGeometry (components/Map.tsx:171:23)
    at MapPanel.useEffect (components/Map.tsx:693:30)
    at MapPanel.useEffect (components/Map.tsx:696:10)
  169 |     const controller = new AbortController();
  170 |     const timeout = setTimeout(() => controller.abort(), OSRM_TIMEOUT_MS);
> 171 |     const res = await fetch(url, { signal: controller.signal });
      |                       ^
  172 |     clearTimeout(timeout);
  173 |     if (!res.ok) throw new Error(`OSRM HTTP ${res.status}`);
  174 |     const body = await res.json(); (components/Map.tsx:182:13)
[browser] [Map] OSRM fallback to straight-line segments: TypeError: Failed to fetch
    at fetchRouteGeometry (components/Map.tsx:171:23)
    at MapPanel.useEffect (components/Map.tsx:761:28)
    at MapPanel.useEffect (components/Map.tsx:764:8)
  169 |     const controller = new AbortController();
  170 |     const timeout = setTimeout(() => controller.abort(), OSRM_TIMEOUT_MS);
> 171 |     const res = await fetch(url, { signal: controller.signal });
      |                       ^
  172 |     clearTimeout(timeout);
  173 |     if (!res.ok) throw new Error(`OSRM HTTP ${res.status}`);
  174 |     const body = await res.json(); (components/Map.tsx:182:13)
[browser] [Map] OSRM fallback to straight-line segments: TypeError: Failed to fetch
    at fetchRouteGeometry (components/Map.tsx:171:23)
    at MapPanel.useEffect (components/Map.tsx:761:28)
    at MapPanel.useEffect (components/Map.tsx:764:8)
  169 |     const controller = new AbortController();
  170 |     const timeout = setTimeout(() => controller.abort(), OSRM_TIMEOUT_MS);
> 171 |     const res = await fetch(url, { signal: controller.signal });
      |                       ^
  172 |     clearTimeout(timeout);
  173 |     if (!res.ok) throw new Error(`OSRM HTTP ${res.status}`);
  174 |     const body = await res.json(); (components/Map.tsx:182:13)
[browser] [Map] OSRM fallback to straight-line segments: TypeError: Failed to fetch
    at fetchRouteGeometry (components/Map.tsx:171:23)
    at MapPanel.useEffect (components/Map.tsx:761:28)
    at MapPanel.useEffect (components/Map.tsx:764:8)
  169 |     const controller = new AbortController();
  170 |     const timeout = setTimeout(() => controller.abort(), OSRM_TIMEOUT_MS);
> 171 |     const res = await fetch(url, { signal: controller.signal });
      |                       ^
  172 |     clearTimeout(timeout);
  173 |     if (!res.ok) throw new Error(`OSRM HTTP ${res.status}`);
  174 |     const body = await res.json(); (components/Map.tsx:182:13)
[browser] [Map] OSRM fallback to straight-line segments: TypeError: Failed to fetch
    at fetchRouteGeometry (components/Map.tsx:171:23)
    at MapPanel.useEffect (components/Map.tsx:761:28)
    at MapPanel.useEffect (components/Map.tsx:764:8)
  169 |     const controller = new AbortController();
  170 |     const timeout = setTimeout(() => controller.abort(), OSRM_TIMEOUT_MS);
> 171 |     const res = await fetch(url, { signal: controller.signal });
      |                       ^
  172 |     clearTimeout(timeout);
  173 |     if (!res.ok) throw new Error(`OSRM HTTP ${res.status}`);
  174 |     const body = await res.json(); (components/Map.tsx:182:13)
[browser] [Map] OSRM fallback to straight-line segments: TypeError: Failed to fetch
    at fetchRouteGeometry (components/Map.tsx:171:23)
    at MapPanel.useEffect (components/Map.tsx:761:28)
    at MapPanel.useEffect (components/Map.tsx:764:8)
  169 |     const controller = new AbortController();
  170 |     const timeout = setTimeout(() => controller.abort(), OSRM_TIMEOUT_MS);
> 171 |     const res = await fetch(url, { signal: controller.signal });
      |                       ^
  172 |     clearTimeout(timeout);
  173 |     if (!res.ok) throw new Error(`OSRM HTTP ${res.status}`);
  174 |     const body = await res.json(); (components/Map.tsx:182:13)
[browser] [Map] OSRM fallback to straight-line segments: TypeError: Failed to fetch
    at fetchRouteGeometry (components/Map.tsx:171:23)
    at MapPanel.useEffect (components/Map.tsx:761:28)
    at MapPanel.useEffect (components/Map.tsx:764:8)
  169 |     const controller = new AbortController();
  170 |     const timeout = setTimeout(() => controller.abort(), OSRM_TIMEOUT_MS);
> 171 |     const res = await fetch(url, { signal: controller.signal });
      |                       ^
  172 |     clearTimeout(timeout);
  173 |     if (!res.ok) throw new Error(`OSRM HTTP ${res.status}`);
  174 |     const body = await res.json(); (components/Map.tsx:182:13)
[browser] [Map] OSRM fallback to straight-line segments: AbortError: signal is aborted without reason
    at <unknown> (components/Map.tsx:170:49)
  168 |     const url = `${OSRM_BASE}/${coordPath}?overview=full&geometries=geojson`;
  169 |     const controller = new AbortController();
> 170 |     const timeout = setTimeout(() => controller.abort(), OSRM_TIMEOUT_MS);
      |                                                 ^
  171 |     const res = await fetch(url, { signal: controller.signal });
  172 |     clearTimeout(timeout);
  173 |     if (!res.ok) throw new Error(`OSRM HTTP ${res.status}`); (components/Map.tsx:182:13)
[browser] [Map] OSRM fallback to straight-line segments: AbortError: signal is aborted without reason
    at <unknown> (components/Map.tsx:170:49)
  168 |     const url = `${OSRM_BASE}/${coordPath}?overview=full&geometries=geojson`;
  169 |     const controller = new AbortController();
> 170 |     const timeout = setTimeout(() => controller.abort(), OSRM_TIMEOUT_MS);
      |                                                 ^
  171 |     const res = await fetch(url, { signal: controller.signal });
  172 |     clearTimeout(timeout);
  173 |     if (!res.ok) throw new Error(`OSRM HTTP ${res.status}`); (components/Map.tsx:182:13)
[browser] [Map] OSRM fallback to straight-line segments: AbortError: signal is aborted without reason
    at <unknown> (components/Map.tsx:170:49)
  168 |     const url = `${OSRM_BASE}/${coordPath}?overview=full&geometries=geojson`;
  169 |     const controller = new AbortController();
> 170 |     const timeout = setTimeout(() => controller.abort(), OSRM_TIMEOUT_MS);
      |                                                 ^
  171 |     const res = await fetch(url, { signal: controller.signal });
  172 |     clearTimeout(timeout);
  173 |     if (!res.ok) throw new Error(`OSRM HTTP ${res.status}`); (components/Map.tsx:182:13)
[browser] [Map] OSRM fallback to straight-line segments: AbortError: signal is aborted without reason
    at <unknown> (components/Map.tsx:170:49)
  168 |     const url = `${OSRM_BASE}/${coordPath}?overview=full&geometries=geojson`;
  169 |     const controller = new AbortController();
> 170 |     const timeout = setTimeout(() => controller.abort(), OSRM_TIMEOUT_MS);
      |                                                 ^
  171 |     const res = await fetch(url, { signal: controller.signal });
  172 |     clearTimeout(timeout);
  173 |     if (!res.ok) throw new Error(`OSRM HTTP ${res.status}`); (components/Map.tsx:182:13)
[browser] [Map] OSRM fallback to straight-line segments: AbortError: signal is aborted without reason
    at <unknown> (components/Map.tsx:170:49)
  168 |     const url = `${OSRM_BASE}/${coordPath}?overview=full&geometries=geojson`;
  169 |     const controller = new AbortController();
> 170 |     const timeout = setTimeout(() => controller.abort(), OSRM_TIMEOUT_MS);
      |                                                 ^
  171 |     const res = await fetch(url, { signal: controller.signal });
  172 |     clearTimeout(timeout);
  173 |     if (!res.ok) throw new Error(`OSRM HTTP ${res.status}`); (components/Map.tsx:182:13)
[browser] [Map] OSRM fallback to straight-line segments: AbortError: signal is aborted without reason
    at <unknown> (components/Map.tsx:170:49)
  168 |     const url = `${OSRM_BASE}/${coordPath}?overview=full&geometries=geojson`;
  169 |     const controller = new AbortController();
> 170 |     const timeout = setTimeout(() => controller.abort(), OSRM_TIMEOUT_MS);
      |                                                 ^
  171 |     const res = await fetch(url, { signal: controller.signal });
  172 |     clearTimeout(timeout);
  173 |     if (!res.ok) throw new Error(`OSRM HTTP ${res.status}`); (components/Map.tsx:182:13)
[browser] [Map] OSRM fallback to straight-line segments: AbortError: signal is aborted without reason
    at <unknown> (components/Map.tsx:170:49)
  168 |     const url = `${OSRM_BASE}/${coordPath}?overview=full&geometries=geojson`;
  169 |     const controller = new AbortController();
> 170 |     const timeout = setTimeout(() => controller.abort(), OSRM_TIMEOUT_MS);
      |                                                 ^
  171 |     const res = await fetch(url, { signal: controller.signal });
  172 |     clearTimeout(timeout);
  173 |     if (!res.ok) throw new Error(`OSRM HTTP ${res.status}`); (components/Map.tsx:182:13)
[browser] [Map] OSRM fallback to straight-line segments: AbortError: signal is aborted without reason
    at <unknown> (components/Map.tsx:170:49)
  168 |     const url = `${OSRM_BASE}/${coordPath}?overview=full&geometries=geojson`;
  169 |     const controller = new AbortController();
> 170 |     const timeout = setTimeout(() => controller.abort(), OSRM_TIMEOUT_MS);
      |                                                 ^
  171 |     const res = await fetch(url, { signal: controller.signal });
  172 |     clearTimeout(timeout);
  173 |     if (!res.ok) throw new Error(`OSRM HTTP ${res.status}`); (components/Map.tsx:182:13)
[browser] [Map] OSRM fallback to straight-line segments: AbortError: signal is aborted without reason
    at <unknown> (components/Map.tsx:170:49)
  168 |     const url = `${OSRM_BASE}/${coordPath}?overview=full&geometries=geojson`;
  169 |     const controller = new AbortController();
> 170 |     const timeout = setTimeout(() => controller.abort(), OSRM_TIMEOUT_MS);
      |                                                 ^
  171 |     const res = await fetch(url, { signal: controller.signal });
  172 |     clearTimeout(timeout);
  173 |     if (!res.ok) throw new Error(`OSRM HTTP ${res.status}`); (components/Map.tsx:182:13)
[browser] [Map] OSRM fallback to straight-line segments: AbortError: signal is aborted without reason
    at <unknown> (components/Map.tsx:170:49)
  168 |     const url = `${OSRM_BASE}/${coordPath}?overview=full&geometries=geojson`;
  169 |     const controller = new AbortController();
> 170 |     const timeout = setTimeout(() => controller.abort(), OSRM_TIMEOUT_MS);
      |                                                 ^
  171 |     const res = await fetch(url, { signal: controller.signal });
  172 |     clearTimeout(timeout);
  173 |     if (!res.ok) throw new Error(`OSRM HTTP ${res.status}`); (components/Map.tsx:182:13)
[browser] [Map] OSRM fallback to straight-line segments: AbortError: signal is aborted without reason
    at <unknown> (components/Map.tsx:170:49)
  168 |     const url = `${OSRM_BASE}/${coordPath}?overview=full&geometries=geojson`;
  169 |     const controller = new AbortController();
> 170 |     const timeout = setTimeout(() => controller.abort(), OSRM_TIMEOUT_MS);
      |                                                 ^
  171 |     const res = await fetch(url, { signal: controller.signal });
  172 |     clearTimeout(timeout);
  173 |     if (!res.ok) throw new Error(`OSRM HTTP ${res.status}`); (components/Map.tsx:182:13)
[browser] [Map] OSRM fallback to straight-line segments: AbortError: signal is aborted without reason
    at <unknown> (components/Map.tsx:170:49)
  168 |     const url = `${OSRM_BASE}/${coordPath}?overview=full&geometries=geojson`;
  169 |     const controller = new AbortController();
> 170 |     const timeout = setTimeout(() => controller.abort(), OSRM_TIMEOUT_MS);
      |                                                 ^
  171 |     const res = await fetch(url, { signal: controller.signal });
  172 |     clearTimeout(timeout);
  173 |     if (!res.ok) throw new Error(`OSRM HTTP ${res.status}`); (components/Map.tsx:182:13)
[browser] [Map] OSRM fallback to straight-line segments: Error: OSRM HTTP 429
    at fetchRouteGeometry (components/Map.tsx:173:24)
    at async MapPanel.useEffect (components/Map.tsx:693:24)
  171 |     const res = await fetch(url, { signal: controller.signal });
  172 |     clearTimeout(timeout);
> 173 |     if (!res.ok) throw new Error(`OSRM HTTP ${res.status}`);
      |                        ^
  174 |     const body = await res.json();
  175 |     if (body.code !== "Ok" || !body.routes?.length) {
  176 |       throw new Error(`OSRM code=${body.code}`); (components/Map.tsx:182:13)
[browser] [Map] OSRM fallback to straight-line segments: Error: OSRM HTTP 429
    at fetchRouteGeometry (components/Map.tsx:173:24)
    at async MapPanel.useEffect (components/Map.tsx:693:24)
  171 |     const res = await fetch(url, { signal: controller.signal });
  172 |     clearTimeout(timeout);
> 173 |     if (!res.ok) throw new Error(`OSRM HTTP ${res.status}`);
      |                        ^
  174 |     const body = await res.json();
  175 |     if (body.code !== "Ok" || !body.routes?.length) {
  176 |       throw new Error(`OSRM code=${body.code}`); (components/Map.tsx:182:13)
[browser] [Map] OSRM fallback to straight-line segments: Error: OSRM HTTP 429
    at fetchRouteGeometry (components/Map.tsx:173:24)
    at async MapPanel.useEffect (components/Map.tsx:693:24)
  171 |     const res = await fetch(url, { signal: controller.signal });
  172 |     clearTimeout(timeout);
> 173 |     if (!res.ok) throw new Error(`OSRM HTTP ${res.status}`);
      |                        ^
  174 |     const body = await res.json();
  175 |     if (body.code !== "Ok" || !body.routes?.length) {
  176 |       throw new Error(`OSRM code=${body.code}`); (components/Map.tsx:182:13)
[browser] [Map] OSRM fallback to straight-line segments: Error: OSRM HTTP 429
    at fetchRouteGeometry (components/Map.tsx:173:24)
    at async MapPanel.useEffect (components/Map.tsx:693:24)
  171 |     const res = await fetch(url, { signal: controller.signal });
  172 |     clearTimeout(timeout);
> 173 |     if (!res.ok) throw new Error(`OSRM HTTP ${res.status}`);
      |                        ^
  174 |     const body = await res.json();
  175 |     if (body.code !== "Ok" || !body.routes?.length) {
  176 |       throw new Error(`OSRM code=${body.code}`); (components/Map.tsx:182:13)
[browser] [Map] OSRM fallback to straight-line segments: Error: OSRM HTTP 429
    at fetchRouteGeometry (components/Map.tsx:173:24)
    at async MapPanel.useEffect (components/Map.tsx:693:24)
  171 |     const res = await fetch(url, { signal: controller.signal });
  172 |     clearTimeout(timeout);
> 173 |     if (!res.ok) throw new Error(`OSRM HTTP ${res.status}`);
      |                        ^
  174 |     const body = await res.json();
  175 |     if (body.code !== "Ok" || !body.routes?.length) {
  176 |       throw new Error(`OSRM code=${body.code}`); (components/Map.tsx:182:13)
[browser] [Map] OSRM fallback to straight-line segments: AbortError: signal is aborted without reason
    at <unknown> (components/Map.tsx:170:49)
  168 |     const url = `${OSRM_BASE}/${coordPath}?overview=full&geometries=geojson`;
  169 |     const controller = new AbortController();
> 170 |     const timeout = setTimeout(() => controller.abort(), OSRM_TIMEOUT_MS);
      |                                                 ^
  171 |     const res = await fetch(url, { signal: controller.signal });
  172 |     clearTimeout(timeout);
  173 |     if (!res.ok) throw new Error(`OSRM HTTP ${res.status}`); (components/Map.tsx:182:13)
[browser] [Map] OSRM fallback to straight-line segments: AbortError: signal is aborted without reason
    at <unknown> (components/Map.tsx:170:49)
  168 |     const url = `${OSRM_BASE}/${coordPath}?overview=full&geometries=geojson`;
  169 |     const controller = new AbortController();
> 170 |     const timeout = setTimeout(() => controller.abort(), OSRM_TIMEOUT_MS);
      |                                                 ^
  171 |     const res = await fetch(url, { signal: controller.signal });
  172 |     clearTimeout(timeout);
  173 |     if (!res.ok) throw new Error(`OSRM HTTP ${res.status}`); (components/Map.tsx:182:13)
[browser] [Map] OSRM fallback to straight-line segments: AbortError: signal is aborted without reason
    at <unknown> (components/Map.tsx:170:49)
  168 |     const url = `${OSRM_BASE}/${coordPath}?overview=full&geometries=geojson`;
  169 |     const controller = new AbortController();
> 170 |     const timeout = setTimeout(() => controller.abort(), OSRM_TIMEOUT_MS);
      |                                                 ^
  171 |     const res = await fetch(url, { signal: controller.signal });
  172 |     clearTimeout(timeout);
  173 |     if (!res.ok) throw new Error(`OSRM HTTP ${res.status}`); (components/Map.tsx:182:13)
[browser] [Map] OSRM fallback to straight-line segments: AbortError: signal is aborted without reason
    at <unknown> (components/Map.tsx:170:49)
  168 |     const url = `${OSRM_BASE}/${coordPath}?overview=full&geometries=geojson`;
  169 |     const controller = new AbortController();
> 170 |     const timeout = setTimeout(() => controller.abort(), OSRM_TIMEOUT_MS);
      |                                                 ^
  171 |     const res = await fetch(url, { signal: controller.signal });
  172 |     clearTimeout(timeout);
  173 |     if (!res.ok) throw new Error(`OSRM HTTP ${res.status}`); (components/Map.tsx:182:13)
[browser] [Map] OSRM fallback to straight-line segments: TypeError: Failed to fetch
    at fetchRouteGeometry (components/Map.tsx:171:23)
    at MapPanel.useEffect (components/Map.tsx:693:30)
    at MapPanel.useEffect (components/Map.tsx:696:10)
  169 |     const controller = new AbortController();
  170 |     const timeout = setTimeout(() => controller.abort(), OSRM_TIMEOUT_MS);
> 171 |     const res = await fetch(url, { signal: controller.signal });
      |                       ^
  172 |     clearTimeout(timeout);
  173 |     if (!res.ok) throw new Error(`OSRM HTTP ${res.status}`);
  174 |     const body = await res.json(); (components/Map.tsx:182:13)
[browser] [Map] OSRM fallback to straight-line segments: TypeError: Failed to fetch
    at fetchRouteGeometry (components/Map.tsx:171:23)
    at MapPanel.useEffect (components/Map.tsx:693:30)
    at MapPanel.useEffect (components/Map.tsx:696:10)
  169 |     const controller = new AbortController();
  170 |     const timeout = setTimeout(() => controller.abort(), OSRM_TIMEOUT_MS);
> 171 |     const res = await fetch(url, { signal: controller.signal });
      |                       ^
  172 |     clearTimeout(timeout);
  173 |     if (!res.ok) throw new Error(`OSRM HTTP ${res.status}`);
  174 |     const body = await res.json(); (components/Map.tsx:182:13)
[browser] [Map] OSRM fallback to straight-line segments: TypeError: Failed to fetch
    at fetchRouteGeometry (components/Map.tsx:171:23)
    at MapPanel.useEffect (components/Map.tsx:693:30)
    at MapPanel.useEffect (components/Map.tsx:696:10)
  169 |     const controller = new AbortController();
  170 |     const timeout = setTimeout(() => controller.abort(), OSRM_TIMEOUT_MS);
> 171 |     const res = await fetch(url, { signal: controller.signal });
      |                       ^
  172 |     clearTimeout(timeout);
  173 |     if (!res.ok) throw new Error(`OSRM HTTP ${res.status}`);
  174 |     const body = await res.json(); (components/Map.tsx:182:13)
[browser] [Map] OSRM fallback to straight-line segments: TypeError: Failed to fetch
    at fetchRouteGeometry (components/Map.tsx:171:23)
    at MapPanel.useEffect (components/Map.tsx:693:30)
    at MapPanel.useEffect (components/Map.tsx:696:10)
  169 |     const controller = new AbortController();
  170 |     const timeout = setTimeout(() => controller.abort(), OSRM_TIMEOUT_MS);
> 171 |     const res = await fetch(url, { signal: controller.signal });
      |                       ^
  172 |     clearTimeout(timeout);
  173 |     if (!res.ok) throw new Error(`OSRM HTTP ${res.status}`);
  174 |     const body = await res.json(); (components/Map.tsx:182:13)
[browser] [Map] OSRM fallback to straight-line segments: TypeError: Failed to fetch
    at fetchRouteGeometry (components/Map.tsx:171:23)
    at MapPanel.useEffect (components/Map.tsx:693:30)
    at MapPanel.useEffect (components/Map.tsx:696:10)
  169 |     const controller = new AbortController();
  170 |     const timeout = setTimeout(() => controller.abort(), OSRM_TIMEOUT_MS);
> 171 |     const res = await fetch(url, { signal: controller.signal });
      |                       ^
  172 |     clearTimeout(timeout);
  173 |     if (!res.ok) throw new Error(`OSRM HTTP ${res.status}`);
  174 |     const body = await res.json(); (components/Map.tsx:182:13)
[browser] [Map] OSRM fallback to straight-line segments: TypeError: Failed to fetch
    at fetchRouteGeometry (components/Map.tsx:171:23)
    at MapPanel.useEffect (components/Map.tsx:693:30)
    at MapPanel.useEffect (components/Map.tsx:696:10)
  169 |     const controller = new AbortController();
  170 |     const timeout = setTimeout(() => controller.abort(), OSRM_TIMEOUT_MS);
> 171 |     const res = await fetch(url, { signal: controller.signal });
      |                       ^
  172 |     clearTimeout(timeout);
  173 |     if (!res.ok) throw new Error(`OSRM HTTP ${res.status}`);
  174 |     const body = await res.json(); (components/Map.tsx:182:13)
[browser] [Map] OSRM fallback to straight-line segments: TypeError: Failed to fetch
    at fetchRouteGeometry (components/Map.tsx:171:23)
    at MapPanel.useEffect (components/Map.tsx:693:30)
    at MapPanel.useEffect (components/Map.tsx:696:10)
  169 |     const controller = new AbortController();
  170 |     const timeout = setTimeout(() => controller.abort(), OSRM_TIMEOUT_MS);
> 171 |     const res = await fetch(url, { signal: controller.signal });
      |                       ^
  172 |     clearTimeout(timeout);
  173 |     if (!res.ok) throw new Error(`OSRM HTTP ${res.status}`);
  174 |     const body = await res.json(); (components/Map.tsx:182:13)
[browser] [Map] OSRM fallback to straight-line segments: AbortError: signal is aborted without reason
    at <unknown> (components/Map.tsx:170:49)
  168 |     const url = `${OSRM_BASE}/${coordPath}?overview=full&geometries=geojson`;
  169 |     const controller = new AbortController();
> 170 |     const timeout = setTimeout(() => controller.abort(), OSRM_TIMEOUT_MS);
      |                                                 ^
  171 |     const res = await fetch(url, { signal: controller.signal });
  172 |     clearTimeout(timeout);
  173 |     if (!res.ok) throw new Error(`OSRM HTTP ${res.status}`); (components/Map.tsx:182:13)
[browser] [Map] OSRM fallback to straight-line segments: AbortError: signal is aborted without reason
    at <unknown> (components/Map.tsx:170:49)
  168 |     const url = `${OSRM_BASE}/${coordPath}?overview=full&geometries=geojson`;
  169 |     const controller = new AbortController();
> 170 |     const timeout = setTimeout(() => controller.abort(), OSRM_TIMEOUT_MS);
      |                                                 ^
  171 |     const res = await fetch(url, { signal: controller.signal });
  172 |     clearTimeout(timeout);
  173 |     if (!res.ok) throw new Error(`OSRM HTTP ${res.status}`); (components/Map.tsx:182:13)
[browser] [Map] OSRM fallback to straight-line segments: TypeError: Failed to fetch
    at fetchRouteGeometry (components/Map.tsx:171:23)
    at MapPanel.useEffect (components/Map.tsx:693:30)
    at MapPanel.useEffect (components/Map.tsx:696:10)
  169 |     const controller = new AbortController();
  170 |     const timeout = setTimeout(() => controller.abort(), OSRM_TIMEOUT_MS);
> 171 |     const res = await fetch(url, { signal: controller.signal });
      |                       ^
  172 |     clearTimeout(timeout);
  173 |     if (!res.ok) throw new Error(`OSRM HTTP ${res.status}`);
  174 |     const body = await res.json(); (components/Map.tsx:182:13)
[browser] [Map] OSRM fallback to straight-line segments: TypeError: Failed to fetch
    at fetchRouteGeometry (components/Map.tsx:171:23)
    at MapPanel.useEffect (components/Map.tsx:693:30)
    at MapPanel.useEffect (components/Map.tsx:696:10)
  169 |     const controller = new AbortController();
  170 |     const timeout = setTimeout(() => controller.abort(), OSRM_TIMEOUT_MS);
> 171 |     const res = await fetch(url, { signal: controller.signal });
      |                       ^
  172 |     clearTimeout(timeout);
  173 |     if (!res.ok) throw new Error(`OSRM HTTP ${res.status}`);
  174 |     const body = await res.json(); (components/Map.tsx:182:13)
[browser] [Map] OSRM fallback to straight-line segments: TypeError: Failed to fetch
    at fetchRouteGeometry (components/Map.tsx:171:23)
    at MapPanel.useEffect (components/Map.tsx:693:30)
    at MapPanel.useEffect (components/Map.tsx:696:10)
  169 |     const controller = new AbortController();
  170 |     const timeout = setTimeout(() => controller.abort(), OSRM_TIMEOUT_MS);
> 171 |     const res = await fetch(url, { signal: controller.signal });
      |                       ^
  172 |     clearTimeout(timeout);
  173 |     if (!res.ok) throw new Error(`OSRM HTTP ${res.status}`);
  174 |     const body = await res.json(); (components/Map.tsx:182:13)
[browser] [Map] OSRM fallback to straight-line segments: TypeError: Failed to fetch
    at fetchRouteGeometry (components/Map.tsx:171:23)
    at MapPanel.useEffect (components/Map.tsx:693:30)
    at MapPanel.useEffect (components/Map.tsx:696:10)
  169 |     const controller = new AbortController();
  170 |     const timeout = setTimeout(() => controller.abort(), OSRM_TIMEOUT_MS);
> 171 |     const res = await fetch(url, { signal: controller.signal });
      |                       ^
  172 |     clearTimeout(timeout);
  173 |     if (!res.ok) throw new Error(`OSRM HTTP ${res.status}`);
  174 |     const body = await res.json(); (components/Map.tsx:182:13)
[browser] [Map] OSRM fallback to straight-line segments: TypeError: Failed to fetch
    at fetchRouteGeometry (components/Map.tsx:171:23)
    at MapPanel.useEffect (components/Map.tsx:693:30)
    at MapPanel.useEffect (components/Map.tsx:696:10)
  169 |     const controller = new AbortController();
  170 |     const timeout = setTimeout(() => controller.abort(), OSRM_TIMEOUT_MS);
> 171 |     const res = await fetch(url, { signal: controller.signal });
      |                       ^
  172 |     clearTimeout(timeout);
  173 |     if (!res.ok) throw new Error(`OSRM HTTP ${res.status}`);
  174 |     const body = await res.json(); (components/Map.tsx:182:13)
[browser] [Map] OSRM fallback to straight-line segments: TypeError: Failed to fetch
    at fetchRouteGeometry (components/Map.tsx:171:23)
    at MapPanel.useEffect (components/Map.tsx:693:30)
    at MapPanel.useEffect (components/Map.tsx:696:10)
  169 |     const controller = new AbortController();
  170 |     const timeout = setTimeout(() => controller.abort(), OSRM_TIMEOUT_MS);
> 171 |     const res = await fetch(url, { signal: controller.signal });
      |                       ^
  172 |     clearTimeout(timeout);
  173 |     if (!res.ok) throw new Error(`OSRM HTTP ${res.status}`);
  174 |     const body = await res.json(); (components/Map.tsx:182:13)
[browser] [Map] OSRM fallback to straight-line segments: TypeError: Failed to fetch
    at fetchRouteGeometry (components/Map.tsx:171:23)
    at MapPanel.useEffect (components/Map.tsx:693:30)
    at MapPanel.useEffect (components/Map.tsx:696:10)
  169 |     const controller = new AbortController();
  170 |     const timeout = setTimeout(() => controller.abort(), OSRM_TIMEOUT_MS);
> 171 |     const res = await fetch(url, { signal: controller.signal });
      |                       ^
  172 |     clearTimeout(timeout);
  173 |     if (!res.ok) throw new Error(`OSRM HTTP ${res.status}`);
  174 |     const body = await res.json(); (components/Map.tsx:182:13)
[browser] [Map] OSRM fallback to straight-line segments: AbortError: signal is aborted without reason
    at <unknown> (components/Map.tsx:170:49)
  168 |     const url = `${OSRM_BASE}/${coordPath}?overview=full&geometries=geojson`;
  169 |     const controller = new AbortController();
> 170 |     const timeout = setTimeout(() => controller.abort(), OSRM_TIMEOUT_MS);
      |                                                 ^
  171 |     const res = await fetch(url, { signal: controller.signal });
  172 |     clearTimeout(timeout);
  173 |     if (!res.ok) throw new Error(`OSRM HTTP ${res.status}`); (components/Map.tsx:182:13)
[browser] [Map] OSRM fallback to straight-line segments: AbortError: signal is aborted without reason
    at <unknown> (components/Map.tsx:170:49)
  168 |     const url = `${OSRM_BASE}/${coordPath}?overview=full&geometries=geojson`;
  169 |     const controller = new AbortController();
> 170 |     const timeout = setTimeout(() => controller.abort(), OSRM_TIMEOUT_MS);
      |                                                 ^
  171 |     const res = await fetch(url, { signal: controller.signal });
  172 |     clearTimeout(timeout);
  173 |     if (!res.ok) throw new Error(`OSRM HTTP ${res.status}`); (components/Map.tsx:182:13)
[browser] [Map] OSRM fallback to straight-line segments: TypeError: Failed to fetch
    at fetchRouteGeometry (components/Map.tsx:171:23)
    at MapPanel.useEffect (components/Map.tsx:693:30)
    at MapPanel.useEffect (components/Map.tsx:696:10)
  169 |     const controller = new AbortController();
  170 |     const timeout = setTimeout(() => controller.abort(), OSRM_TIMEOUT_MS);
> 171 |     const res = await fetch(url, { signal: controller.signal });
      |                       ^
  172 |     clearTimeout(timeout);
  173 |     if (!res.ok) throw new Error(`OSRM HTTP ${res.status}`);
  174 |     const body = await res.json(); (components/Map.tsx:182:13)
[browser] [Map] OSRM fallback to straight-line segments: TypeError: Failed to fetch
    at fetchRouteGeometry (components/Map.tsx:171:23)
    at MapPanel.useEffect (components/Map.tsx:693:30)
    at MapPanel.useEffect (components/Map.tsx:696:10)
  169 |     const controller = new AbortController();
  170 |     const timeout = setTimeout(() => controller.abort(), OSRM_TIMEOUT_MS);
> 171 |     const res = await fetch(url, { signal: controller.signal });
      |                       ^
  172 |     clearTimeout(timeout);
  173 |     if (!res.ok) throw new Error(`OSRM HTTP ${res.status}`);
  174 |     const body = await res.json(); (components/Map.tsx:182:13)
[browser] [Map] OSRM fallback to straight-line segments: TypeError: Failed to fetch
    at fetchRouteGeometry (components/Map.tsx:171:23)
    at MapPanel.useEffect (components/Map.tsx:693:30)
    at MapPanel.useEffect (components/Map.tsx:696:10)
  169 |     const controller = new AbortController();
  170 |     const timeout = setTimeout(() => controller.abort(), OSRM_TIMEOUT_MS);
> 171 |     const res = await fetch(url, { signal: controller.signal });
      |                       ^
  172 |     clearTimeout(timeout);
  173 |     if (!res.ok) throw new Error(`OSRM HTTP ${res.status}`);
  174 |     const body = await res.json(); (components/Map.tsx:182:13)
[browser] [Map] OSRM fallback to straight-line segments: TypeError: Failed to fetch
    at fetchRouteGeometry (components/Map.tsx:171:23)
    at MapPanel.useEffect (components/Map.tsx:693:30)
    at MapPanel.useEffect (components/Map.tsx:696:10)
  169 |     const controller = new AbortController();
  170 |     const timeout = setTimeout(() => controller.abort(), OSRM_TIMEOUT_MS);
> 171 |     const res = await fetch(url, { signal: controller.signal });
      |                       ^
  172 |     clearTimeout(timeout);
  173 |     if (!res.ok) throw new Error(`OSRM HTTP ${res.status}`);
  174 |     const body = await res.json(); (components/Map.tsx:182:13)
[browser] [Map] OSRM fallback to straight-line segments: TypeError: Failed to fetch
    at fetchRouteGeometry (components/Map.tsx:171:23)
    at MapPanel.useEffect (components/Map.tsx:693:30)
    at MapPanel.useEffect (components/Map.tsx:696:10)
  169 |     const controller = new AbortController();
  170 |     const timeout = setTimeout(() => controller.abort(), OSRM_TIMEOUT_MS);
> 171 |     const res = await fetch(url, { signal: controller.signal });
      |                       ^
  172 |     clearTimeout(timeout);
  173 |     if (!res.ok) throw new Error(`OSRM HTTP ${res.status}`);
  174 |     const body = await res.json(); (components/Map.tsx:182:13)
[browser] [Map] OSRM fallback to straight-line segments: TypeError: Failed to fetch
    at fetchRouteGeometry (components/Map.tsx:171:23)
    at MapPanel.useEffect (components/Map.tsx:693:30)
    at MapPanel.useEffect (components/Map.tsx:696:10)
  169 |     const controller = new AbortController();
  170 |     const timeout = setTimeout(() => controller.abort(), OSRM_TIMEOUT_MS);
> 171 |     const res = await fetch(url, { signal: controller.signal });
      |                       ^
  172 |     clearTimeout(timeout);
  173 |     if (!res.ok) throw new Error(`OSRM HTTP ${res.status}`);
  174 |     const body = await res.json(); (components/Map.tsx:182:13)
[browser] [Map] OSRM fallback to straight-line segments: TypeError: Failed to fetch
    at fetchRouteGeometry (components/Map.tsx:171:23)
    at MapPanel.useEffect (components/Map.tsx:693:30)
    at MapPanel.useEffect (components/Map.tsx:696:10)
  169 |     const controller = new AbortController();
  170 |     const timeout = setTimeout(() => controller.abort(), OSRM_TIMEOUT_MS);
> 171 |     const res = await fetch(url, { signal: controller.signal });
      |                       ^
  172 |     clearTimeout(timeout);
  173 |     if (!res.ok) throw new Error(`OSRM HTTP ${res.status}`);
  174 |     const body = await res.json(); (components/Map.tsx:182:13)
[browser] [Map] OSRM fallback to straight-line segments: AbortError: signal is aborted without reason
    at <unknown> (components/Map.tsx:170:49)
  168 |     const url = `${OSRM_BASE}/${coordPath}?overview=full&geometries=geojson`;
  169 |     const controller = new AbortController();
> 170 |     const timeout = setTimeout(() => controller.abort(), OSRM_TIMEOUT_MS);
      |                                                 ^
  171 |     const res = await fetch(url, { signal: controller.signal });
  172 |     clearTimeout(timeout);
  173 |     if (!res.ok) throw new Error(`OSRM HTTP ${res.status}`); (components/Map.tsx:182:13)
[browser] [Map] OSRM fallback to straight-line segments: AbortError: signal is aborted without reason
    at <unknown> (components/Map.tsx:170:49)
  168 |     const url = `${OSRM_BASE}/${coordPath}?overview=full&geometries=geojson`;
  169 |     const controller = new AbortController();
> 170 |     const timeout = setTimeout(() => controller.abort(), OSRM_TIMEOUT_MS);
      |                                                 ^
  171 |     const res = await fetch(url, { signal: controller.signal });
  172 |     clearTimeout(timeout);
  173 |     if (!res.ok) throw new Error(`OSRM HTTP ${res.status}`); (components/Map.tsx:182:13)
[browser] [Map] OSRM fallback to straight-line segments: TypeError: Failed to fetch
    at fetchRouteGeometry (components/Map.tsx:171:23)
    at MapPanel.useEffect (components/Map.tsx:693:30)
    at MapPanel.useEffect (components/Map.tsx:696:10)
  169 |     const controller = new AbortController();
  170 |     const timeout = setTimeout(() => controller.abort(), OSRM_TIMEOUT_MS);
> 171 |     const res = await fetch(url, { signal: controller.signal });
      |                       ^
  172 |     clearTimeout(timeout);
  173 |     if (!res.ok) throw new Error(`OSRM HTTP ${res.status}`);
  174 |     const body = await res.json(); (components/Map.tsx:182:13)
[browser] [Map] OSRM fallback to straight-line segments: TypeError: Failed to fetch
    at fetchRouteGeometry (components/Map.tsx:171:23)
    at MapPanel.useEffect (components/Map.tsx:693:30)
    at MapPanel.useEffect (components/Map.tsx:696:10)
  169 |     const controller = new AbortController();
  170 |     const timeout = setTimeout(() => controller.abort(), OSRM_TIMEOUT_MS);
> 171 |     const res = await fetch(url, { signal: controller.signal });
      |                       ^
  172 |     clearTimeout(timeout);
  173 |     if (!res.ok) throw new Error(`OSRM HTTP ${res.status}`);
  174 |     const body = await res.json(); (components/Map.tsx:182:13)
[browser] [Map] OSRM fallback to straight-line segments: TypeError: Failed to fetch
    at fetchRouteGeometry (components/Map.tsx:171:23)
    at MapPanel.useEffect (components/Map.tsx:693:30)
    at MapPanel.useEffect (components/Map.tsx:696:10)
  169 |     const controller = new AbortController();
  170 |     const timeout = setTimeout(() => controller.abort(), OSRM_TIMEOUT_MS);
> 171 |     const res = await fetch(url, { signal: controller.signal });
      |                       ^
  172 |     clearTimeout(timeout);
  173 |     if (!res.ok) throw new Error(`OSRM HTTP ${res.status}`);
  174 |     const body = await res.json(); (components/Map.tsx:182:13)
[browser] [Map] OSRM fallback to straight-line segments: TypeError: Failed to fetch
    at fetchRouteGeometry (components/Map.tsx:171:23)
    at MapPanel.useEffect (components/Map.tsx:693:30)
    at MapPanel.useEffect (components/Map.tsx:696:10)
  169 |     const controller = new AbortController();
  170 |     const timeout = setTimeout(() => controller.abort(), OSRM_TIMEOUT_MS);
> 171 |     const res = await fetch(url, { signal: controller.signal });
      |                       ^
  172 |     clearTimeout(timeout);
  173 |     if (!res.ok) throw new Error(`OSRM HTTP ${res.status}`);
  174 |     const body = await res.json(); (components/Map.tsx:182:13)
[browser] [Map] OSRM fallback to straight-line segments: TypeError: Failed to fetch
    at fetchRouteGeometry (components/Map.tsx:171:23)
    at MapPanel.useEffect (components/Map.tsx:693:30)
    at MapPanel.useEffect (components/Map.tsx:696:10)
  169 |     const controller = new AbortController();
  170 |     const timeout = setTimeout(() => controller.abort(), OSRM_TIMEOUT_MS);
> 171 |     const res = await fetch(url, { signal: controller.signal });
      |                       ^
  172 |     clearTimeout(timeout);
  173 |     if (!res.ok) throw new Error(`OSRM HTTP ${res.status}`);
  174 |     const body = await res.json(); (components/Map.tsx:182:13)
[browser] [Map] OSRM fallback to straight-line segments: TypeError: Failed to fetch
    at fetchRouteGeometry (components/Map.tsx:171:23)
    at MapPanel.useEffect (components/Map.tsx:693:30)
    at MapPanel.useEffect (components/Map.tsx:696:10)
  169 |     const controller = new AbortController();
  170 |     const timeout = setTimeout(() => controller.abort(), OSRM_TIMEOUT_MS);
> 171 |     const res = await fetch(url, { signal: controller.signal });
      |                       ^
  172 |     clearTimeout(timeout);
  173 |     if (!res.ok) throw new Error(`OSRM HTTP ${res.status}`);
  174 |     const body = await res.json(); (components/Map.tsx:182:13)
[browser] [Map] OSRM fallback to straight-line segments: TypeError: Failed to fetch
    at fetchRouteGeometry (components/Map.tsx:171:23)
    at MapPanel.useEffect (components/Map.tsx:693:30)
    at MapPanel.useEffect (components/Map.tsx:696:10)
  169 |     const controller = new AbortController();
  170 |     const timeout = setTimeout(() => controller.abort(), OSRM_TIMEOUT_MS);
> 171 |     const res = await fetch(url, { signal: controller.signal });
      |                       ^
  172 |     clearTimeout(timeout);
  173 |     if (!res.ok) throw new Error(`OSRM HTTP ${res.status}`);
  174 |     const body = await res.json(); (components/Map.tsx:182:13)
[browser] [Map] OSRM fallback to straight-line segments: TypeError: Failed to fetch
    at fetchRouteGeometry (components/Map.tsx:171:23)
    at MapPanel.useEffect (components/Map.tsx:693:30)
    at MapPanel.useEffect (components/Map.tsx:696:10)
  169 |     const controller = new AbortController();
  170 |     const timeout = setTimeout(() => controller.abort(), OSRM_TIMEOUT_MS);
> 171 |     const res = await fetch(url, { signal: controller.signal });
      |                       ^
  172 |     clearTimeout(timeout);
  173 |     if (!res.ok) throw new Error(`OSRM HTTP ${res.status}`);
  174 |     const body = await res.json(); (components/Map.tsx:182:13)
[browser] [Map] OSRM fallback to straight-line segments: AbortError: signal is aborted without reason
    at <unknown> (components/Map.tsx:170:49)
  168 |     const url = `${OSRM_BASE}/${coordPath}?overview=full&geometries=geojson`;
  169 |     const controller = new AbortController();
> 170 |     const timeout = setTimeout(() => controller.abort(), OSRM_TIMEOUT_MS);
      |                                                 ^
  171 |     const res = await fetch(url, { signal: controller.signal });
  172 |     clearTimeout(timeout);
  173 |     if (!res.ok) throw new Error(`OSRM HTTP ${res.status}`); (components/Map.tsx:182:13)
[browser] [Map] OSRM fallback to straight-line segments: TypeError: Failed to fetch
    at fetchRouteGeometry (components/Map.tsx:171:23)
    at MapPanel.useEffect (components/Map.tsx:693:30)
    at MapPanel.useEffect (components/Map.tsx:696:10)
  169 |     const controller = new AbortController();
  170 |     const timeout = setTimeout(() => controller.abort(), OSRM_TIMEOUT_MS);
> 171 |     const res = await fetch(url, { signal: controller.signal });
      |                       ^
  172 |     clearTimeout(timeout);
  173 |     if (!res.ok) throw new Error(`OSRM HTTP ${res.status}`);
  174 |     const body = await res.json(); (components/Map.tsx:182:13)
[browser] [Map] OSRM fallback to straight-line segments: TypeError: Failed to fetch
    at fetchRouteGeometry (components/Map.tsx:171:23)
    at MapPanel.useEffect (components/Map.tsx:693:30)
    at MapPanel.useEffect (components/Map.tsx:696:10)
  169 |     const controller = new AbortController();
  170 |     const timeout = setTimeout(() => controller.abort(), OSRM_TIMEOUT_MS);
> 171 |     const res = await fetch(url, { signal: controller.signal });
      |                       ^
  172 |     clearTimeout(timeout);
  173 |     if (!res.ok) throw new Error(`OSRM HTTP ${res.status}`);
  174 |     const body = await res.json(); (components/Map.tsx:182:13)
[browser] [Map] OSRM fallback to straight-line segments: AbortError: signal is aborted without reason
    at <unknown> (components/Map.tsx:170:49)
  168 |     const url = `${OSRM_BASE}/${coordPath}?overview=full&geometries=geojson`;
  169 |     const controller = new AbortController();
> 170 |     const timeout = setTimeout(() => controller.abort(), OSRM_TIMEOUT_MS);
      |                                                 ^
  171 |     const res = await fetch(url, { signal: controller.signal });
  172 |     clearTimeout(timeout);
  173 |     if (!res.ok) throw new Error(`OSRM HTTP ${res.status}`); (components/Map.tsx:182:13)
[browser] [Map] OSRM fallback to straight-line segments: TypeError: Failed to fetch
    at fetchRouteGeometry (components/Map.tsx:171:23)
    at MapPanel.useEffect (components/Map.tsx:693:30)
    at MapPanel.useEffect (components/Map.tsx:696:10)
  169 |     const controller = new AbortController();
  170 |     const timeout = setTimeout(() => controller.abort(), OSRM_TIMEOUT_MS);
> 171 |     const res = await fetch(url, { signal: controller.signal });
      |                       ^
  172 |     clearTimeout(timeout);
  173 |     if (!res.ok) throw new Error(`OSRM HTTP ${res.status}`);
  174 |     const body = await res.json(); (components/Map.tsx:182:13)
[browser] [Map] OSRM fallback to straight-line segments: AbortError: signal is aborted without reason
    at <unknown> (components/Map.tsx:170:49)
  168 |     const url = `${OSRM_BASE}/${coordPath}?overview=full&geometries=geojson`;
  169 |     const controller = new AbortController();
> 170 |     const timeout = setTimeout(() => controller.abort(), OSRM_TIMEOUT_MS);
      |                                                 ^
  171 |     const res = await fetch(url, { signal: controller.signal });
  172 |     clearTimeout(timeout);
  173 |     if (!res.ok) throw new Error(`OSRM HTTP ${res.status}`); (components/Map.tsx:182:13)
[browser] [Map] OSRM fallback to straight-line segments: AbortError: signal is aborted without reason
    at <unknown> (components/Map.tsx:170:49)
  168 |     const url = `${OSRM_BASE}/${coordPath}?overview=full&geometries=geojson`;
  169 |     const controller = new AbortController();
> 170 |     const timeout = setTimeout(() => controller.abort(), OSRM_TIMEOUT_MS);
      |                                                 ^
  171 |     const res = await fetch(url, { signal: controller.signal });
  172 |     clearTimeout(timeout);
  173 |     if (!res.ok) throw new Error(`OSRM HTTP ${res.status}`); (components/Map.tsx:182:13)
[browser] [Map] OSRM fallback to straight-line segments: AbortError: signal is aborted without reason
    at <unknown> (components/Map.tsx:170:49)
  168 |     const url = `${OSRM_BASE}/${coordPath}?overview=full&geometries=geojson`;
  169 |     const controller = new AbortController();
> 170 |     const timeout = setTimeout(() => controller.abort(), OSRM_TIMEOUT_MS);
      |                                                 ^
  171 |     const res = await fetch(url, { signal: controller.signal });
  172 |     clearTimeout(timeout);
  173 |     if (!res.ok) throw new Error(`OSRM HTTP ${res.status}`); (components/Map.tsx:182:13)
[browser] [Map] OSRM fallback to straight-line segments: AbortError: signal is aborted without reason
    at <unknown> (components/Map.tsx:170:49)
  168 |     const url = `${OSRM_BASE}/${coordPath}?overview=full&geometries=geojson`;
  169 |     const controller = new AbortController();
> 170 |     const timeout = setTimeout(() => controller.abort(), OSRM_TIMEOUT_MS);
      |                                                 ^
  171 |     const res = await fetch(url, { signal: controller.signal });
  172 |     clearTimeout(timeout);
  173 |     if (!res.ok) throw new Error(`OSRM HTTP ${res.status}`); (components/Map.tsx:182:13)
[browser] [Map] OSRM fallback to straight-line segments: AbortError: signal is aborted without reason
    at <unknown> (components/Map.tsx:170:49)
  168 |     const url = `${OSRM_BASE}/${coordPath}?overview=full&geometries=geojson`;
  169 |     const controller = new AbortController();
> 170 |     const timeout = setTimeout(() => controller.abort(), OSRM_TIMEOUT_MS);
      |                                                 ^
  171 |     const res = await fetch(url, { signal: controller.signal });
  172 |     clearTimeout(timeout);
  173 |     if (!res.ok) throw new Error(`OSRM HTTP ${res.status}`); (components/Map.tsx:182:13)
[browser] [Map] OSRM fallback to straight-line segments: TypeError: Failed to fetch
    at fetchRouteGeometry (components/Map.tsx:171:23)
    at MapPanel.useEffect (components/Map.tsx:693:30)
    at MapPanel.useEffect (components/Map.tsx:696:10)
  169 |     const controller = new AbortController();
  170 |     const timeout = setTimeout(() => controller.abort(), OSRM_TIMEOUT_MS);
> 171 |     const res = await fetch(url, { signal: controller.signal });
      |                       ^
  172 |     clearTimeout(timeout);
  173 |     if (!res.ok) throw new Error(`OSRM HTTP ${res.status}`);
  174 |     const body = await res.json(); (components/Map.tsx:182:13)
[browser] [Map] OSRM fallback to straight-line segments: TypeError: Failed to fetch
    at fetchRouteGeometry (components/Map.tsx:171:23)
    at MapPanel.useEffect (components/Map.tsx:693:30)
    at MapPanel.useEffect (components/Map.tsx:696:10)
  169 |     const controller = new AbortController();
  170 |     const timeout = setTimeout(() => controller.abort(), OSRM_TIMEOUT_MS);
> 171 |     const res = await fetch(url, { signal: controller.signal });
      |                       ^
  172 |     clearTimeout(timeout);
  173 |     if (!res.ok) throw new Error(`OSRM HTTP ${res.status}`);
  174 |     const body = await res.json(); (components/Map.tsx:182:13)
[browser] [Map] OSRM fallback to straight-line segments: TypeError: Failed to fetch
    at fetchRouteGeometry (components/Map.tsx:171:23)
    at MapPanel.useEffect (components/Map.tsx:693:30)
    at MapPanel.useEffect (components/Map.tsx:696:10)
  169 |     const controller = new AbortController();
  170 |     const timeout = setTimeout(() => controller.abort(), OSRM_TIMEOUT_MS);
> 171 |     const res = await fetch(url, { signal: controller.signal });
      |                       ^
  172 |     clearTimeout(timeout);
  173 |     if (!res.ok) throw new Error(`OSRM HTTP ${res.status}`);
  174 |     const body = await res.json(); (components/Map.tsx:182:13)
[browser] [Map] OSRM fallback to straight-line segments: TypeError: Failed to fetch
    at fetchRouteGeometry (components/Map.tsx:171:23)
    at MapPanel.useEffect (components/Map.tsx:693:30)
    at MapPanel.useEffect (components/Map.tsx:696:10)
  169 |     const controller = new AbortController();
  170 |     const timeout = setTimeout(() => controller.abort(), OSRM_TIMEOUT_MS);
> 171 |     const res = await fetch(url, { signal: controller.signal });
      |                       ^
  172 |     clearTimeout(timeout);
  173 |     if (!res.ok) throw new Error(`OSRM HTTP ${res.status}`);
  174 |     const body = await res.json(); (components/Map.tsx:182:13)
[browser] [Map] OSRM fallback to straight-line segments: TypeError: Failed to fetch
    at fetchRouteGeometry (components/Map.tsx:171:23)
    at MapPanel.useEffect (components/Map.tsx:693:30)
    at MapPanel.useEffect (components/Map.tsx:696:10)
  169 |     const controller = new AbortController();
  170 |     const timeout = setTimeout(() => controller.abort(), OSRM_TIMEOUT_MS);
> 171 |     const res = await fetch(url, { signal: controller.signal });
      |                       ^
  172 |     clearTimeout(timeout);
  173 |     if (!res.ok) throw new Error(`OSRM HTTP ${res.status}`);
  174 |     const body = await res.json(); (components/Map.tsx:182:13)
[browser] [Map] OSRM fallback to straight-line segments: TypeError: Failed to fetch
    at fetchRouteGeometry (components/Map.tsx:171:23)
    at MapPanel.useEffect (components/Map.tsx:693:30)
    at MapPanel.useEffect (components/Map.tsx:696:10)
  169 |     const controller = new AbortController();
  170 |     const timeout = setTimeout(() => controller.abort(), OSRM_TIMEOUT_MS);
> 171 |     const res = await fetch(url, { signal: controller.signal });
      |                       ^
  172 |     clearTimeout(timeout);
  173 |     if (!res.ok) throw new Error(`OSRM HTTP ${res.status}`);
  174 |     const body = await res.json(); (components/Map.tsx:182:13)
[browser] [Map] OSRM fallback to straight-line segments: TypeError: Failed to fetch
    at fetchRouteGeometry (components/Map.tsx:171:23)
    at MapPanel.useEffect (components/Map.tsx:693:30)
    at MapPanel.useEffect (components/Map.tsx:696:10)
  169 |     const controller = new AbortController();
  170 |     const timeout = setTimeout(() => controller.abort(), OSRM_TIMEOUT_MS);
> 171 |     const res = await fetch(url, { signal: controller.signal });
      |                       ^
  172 |     clearTimeout(timeout);
  173 |     if (!res.ok) throw new Error(`OSRM HTTP ${res.status}`);
  174 |     const body = await res.json(); (components/Map.tsx:182:13)
[browser] [Map] OSRM fallback to straight-line segments: TypeError: Failed to fetch
    at fetchRouteGeometry (components/Map.tsx:171:23)
    at MapPanel.useEffect (components/Map.tsx:693:30)
    at MapPanel.useEffect (components/Map.tsx:696:10)
  169 |     const controller = new AbortController();
  170 |     const timeout = setTimeout(() => controller.abort(), OSRM_TIMEOUT_MS);
> 171 |     const res = await fetch(url, { signal: controller.signal });
      |                       ^
  172 |     clearTimeout(timeout);
  173 |     if (!res.ok) throw new Error(`OSRM HTTP ${res.status}`);
  174 |     const body = await res.json(); (components/Map.tsx:182:13)
[browser] [Map] OSRM fallback to straight-line segments: TypeError: Failed to fetch
    at fetchRouteGeometry (components/Map.tsx:171:23)
    at MapPanel.useEffect (components/Map.tsx:693:30)
    at MapPanel.useEffect (components/Map.tsx:696:10)
  169 |     const controller = new AbortController();
  170 |     const timeout = setTimeout(() => controller.abort(), OSRM_TIMEOUT_MS);
> 171 |     const res = await fetch(url, { signal: controller.signal });
      |                       ^
  172 |     clearTimeout(timeout);
  173 |     if (!res.ok) throw new Error(`OSRM HTTP ${res.status}`);
  174 |     const body = await res.json(); (components/Map.tsx:182:13)
[browser] [Map] OSRM fallback to straight-line segments: TypeError: Failed to fetch
    at fetchRouteGeometry (components/Map.tsx:171:23)
    at MapPanel.useEffect (components/Map.tsx:693:30)
    at MapPanel.useEffect (components/Map.tsx:696:10)
  169 |     const controller = new AbortController();
  170 |     const timeout = setTimeout(() => controller.abort(), OSRM_TIMEOUT_MS);
> 171 |     const res = await fetch(url, { signal: controller.signal });
      |                       ^
  172 |     clearTimeout(timeout);
  173 |     if (!res.ok) throw new Error(`OSRM HTTP ${res.status}`);
  174 |     const body = await res.json(); (components/Map.tsx:182:13)
[browser] [Map] OSRM fallback to straight-line segments: TypeError: Failed to fetch
    at fetchRouteGeometry (components/Map.tsx:171:23)
    at MapPanel.useEffect (components/Map.tsx:693:30)
    at MapPanel.useEffect (components/Map.tsx:696:10)
  169 |     const controller = new AbortController();
  170 |     const timeout = setTimeout(() => controller.abort(), OSRM_TIMEOUT_MS);
> 171 |     const res = await fetch(url, { signal: controller.signal });
      |                       ^
  172 |     clearTimeout(timeout);
  173 |     if (!res.ok) throw new Error(`OSRM HTTP ${res.status}`);
  174 |     const body = await res.json(); (components/Map.tsx:182:13)
[browser] [Map] OSRM fallback to straight-line segments: TypeError: Failed to fetch
    at fetchRouteGeometry (components/Map.tsx:171:23)
    at MapPanel.useEffect (components/Map.tsx:693:30)
    at MapPanel.useEffect (components/Map.tsx:696:10)
  169 |     const controller = new AbortController();
  170 |     const timeout = setTimeout(() => controller.abort(), OSRM_TIMEOUT_MS);
> 171 |     const res = await fetch(url, { signal: controller.signal });
      |                       ^
  172 |     clearTimeout(timeout);
  173 |     if (!res.ok) throw new Error(`OSRM HTTP ${res.status}`);
  174 |     const body = await res.json(); (components/Map.tsx:182:13)
[browser] [Map] OSRM fallback to straight-line segments: TypeError: Failed to fetch
    at fetchRouteGeometry (components/Map.tsx:171:23)
    at MapPanel.useEffect (components/Map.tsx:693:30)
    at MapPanel.useEffect (components/Map.tsx:696:10)
  169 |     const controller = new AbortController();
  170 |     const timeout = setTimeout(() => controller.abort(), OSRM_TIMEOUT_MS);
> 171 |     const res = await fetch(url, { signal: controller.signal });
      |                       ^
  172 |     clearTimeout(timeout);
  173 |     if (!res.ok) throw new Error(`OSRM HTTP ${res.status}`);
  174 |     const body = await res.json(); (components/Map.tsx:182:13)
[browser] [Map] OSRM fallback to straight-line segments: TypeError: Failed to fetch
    at fetchRouteGeometry (components/Map.tsx:171:23)
    at MapPanel.useEffect (components/Map.tsx:693:30)
    at MapPanel.useEffect (components/Map.tsx:696:10)
  169 |     const controller = new AbortController();
  170 |     const timeout = setTimeout(() => controller.abort(), OSRM_TIMEOUT_MS);
> 171 |     const res = await fetch(url, { signal: controller.signal });
      |                       ^
  172 |     clearTimeout(timeout);
  173 |     if (!res.ok) throw new Error(`OSRM HTTP ${res.status}`);
  174 |     const body = await res.json(); (components/Map.tsx:182:13)
[browser] [Map] OSRM fallback to straight-line segments: AbortError: signal is aborted without reason
    at <unknown> (components/Map.tsx:170:49)
  168 |     const url = `${OSRM_BASE}/${coordPath}?overview=full&geometries=geojson`;
  169 |     const controller = new AbortController();
> 170 |     const timeout = setTimeout(() => controller.abort(), OSRM_TIMEOUT_MS);
      |                                                 ^
  171 |     const res = await fetch(url, { signal: controller.signal });
  172 |     clearTimeout(timeout);
  173 |     if (!res.ok) throw new Error(`OSRM HTTP ${res.status}`); (components/Map.tsx:182:13)
[browser] [Map] OSRM fallback to straight-line segments: AbortError: signal is aborted without reason
    at <unknown> (components/Map.tsx:170:49)
  168 |     const url = `${OSRM_BASE}/${coordPath}?overview=full&geometries=geojson`;
  169 |     const controller = new AbortController();
> 170 |     const timeout = setTimeout(() => controller.abort(), OSRM_TIMEOUT_MS);
      |                                                 ^
  171 |     const res = await fetch(url, { signal: controller.signal });
  172 |     clearTimeout(timeout);
  173 |     if (!res.ok) throw new Error(`OSRM HTTP ${res.status}`); (components/Map.tsx:182:13)
[browser] [Map] OSRM fallback to straight-line segments: AbortError: signal is aborted without reason
    at <unknown> (components/Map.tsx:170:49)
  168 |     const url = `${OSRM_BASE}/${coordPath}?overview=full&geometries=geojson`;
  169 |     const controller = new AbortController();
> 170 |     const timeout = setTimeout(() => controller.abort(), OSRM_TIMEOUT_MS);
      |                                                 ^
  171 |     const res = await fetch(url, { signal: controller.signal });
  172 |     clearTimeout(timeout);
  173 |     if (!res.ok) throw new Error(`OSRM HTTP ${res.status}`); (components/Map.tsx:182:13)
[browser] [Map] OSRM fallback to straight-line segments: AbortError: signal is aborted without reason
    at <unknown> (components/Map.tsx:170:49)
  168 |     const url = `${OSRM_BASE}/${coordPath}?overview=full&geometries=geojson`;
  169 |     const controller = new AbortController();
> 170 |     const timeout = setTimeout(() => controller.abort(), OSRM_TIMEOUT_MS);
      |                                                 ^
  171 |     const res = await fetch(url, { signal: controller.signal });
  172 |     clearTimeout(timeout);
  173 |     if (!res.ok) throw new Error(`OSRM HTTP ${res.status}`); (components/Map.tsx:182:13)
[browser] [Map] OSRM fallback to straight-line segments: TypeError: Failed to fetch
    at fetchRouteGeometry (components/Map.tsx:171:23)
    at MapPanel.useEffect (components/Map.tsx:693:30)
    at MapPanel.useEffect (components/Map.tsx:696:10)
  169 |     const controller = new AbortController();
  170 |     const timeout = setTimeout(() => controller.abort(), OSRM_TIMEOUT_MS);
> 171 |     const res = await fetch(url, { signal: controller.signal });
      |                       ^
  172 |     clearTimeout(timeout);
  173 |     if (!res.ok) throw new Error(`OSRM HTTP ${res.status}`);
  174 |     const body = await res.json(); (components/Map.tsx:182:13)
[browser] [Map] OSRM fallback to straight-line segments: TypeError: Failed to fetch
    at fetchRouteGeometry (components/Map.tsx:171:23)
    at MapPanel.useEffect (components/Map.tsx:693:30)
    at MapPanel.useEffect (components/Map.tsx:696:10)
  169 |     const controller = new AbortController();
  170 |     const timeout = setTimeout(() => controller.abort(), OSRM_TIMEOUT_MS);
> 171 |     const res = await fetch(url, { signal: controller.signal });
      |                       ^
  172 |     clearTimeout(timeout);
  173 |     if (!res.ok) throw new Error(`OSRM HTTP ${res.status}`);
  174 |     const body = await res.json(); (components/Map.tsx:182:13)
[browser] [Map] OSRM fallback to straight-line segments: AbortError: signal is aborted without reason
    at <unknown> (components/Map.tsx:170:49)
  168 |     const url = `${OSRM_BASE}/${coordPath}?overview=full&geometries=geojson`;
  169 |     const controller = new AbortController();
> 170 |     const timeout = setTimeout(() => controller.abort(), OSRM_TIMEOUT_MS);
      |                                                 ^
  171 |     const res = await fetch(url, { signal: controller.signal });
  172 |     clearTimeout(timeout);
  173 |     if (!res.ok) throw new Error(`OSRM HTTP ${res.status}`); (components/Map.tsx:182:13)
[browser] [Map] OSRM fallback to straight-line segments: AbortError: signal is aborted without reason
    at <unknown> (components/Map.tsx:170:49)
  168 |     const url = `${OSRM_BASE}/${coordPath}?overview=full&geometries=geojson`;
  169 |     const controller = new AbortController();
> 170 |     const timeout = setTimeout(() => controller.abort(), OSRM_TIMEOUT_MS);
      |                                                 ^
  171 |     const res = await fetch(url, { signal: controller.signal });
  172 |     clearTimeout(timeout);
  173 |     if (!res.ok) throw new Error(`OSRM HTTP ${res.status}`); (components/Map.tsx:182:13)
[browser] [Map] OSRM fallback to straight-line segments: AbortError: signal is aborted without reason
    at <unknown> (components/Map.tsx:170:49)
  168 |     const url = `${OSRM_BASE}/${coordPath}?overview=full&geometries=geojson`;
  169 |     const controller = new AbortController();
> 170 |     const timeout = setTimeout(() => controller.abort(), OSRM_TIMEOUT_MS);
      |                                                 ^
  171 |     const res = await fetch(url, { signal: controller.signal });
  172 |     clearTimeout(timeout);
  173 |     if (!res.ok) throw new Error(`OSRM HTTP ${res.status}`); (components/Map.tsx:182:13)
[browser] [Map] OSRM fallback to straight-line segments: AbortError: signal is aborted without reason
    at <unknown> (components/Map.tsx:170:49)
  168 |     const url = `${OSRM_BASE}/${coordPath}?overview=full&geometries=geojson`;
  169 |     const controller = new AbortController();
> 170 |     const timeout = setTimeout(() => controller.abort(), OSRM_TIMEOUT_MS);
      |                                                 ^
  171 |     const res = await fetch(url, { signal: controller.signal });
  172 |     clearTimeout(timeout);
  173 |     if (!res.ok) throw new Error(`OSRM HTTP ${res.status}`); (components/Map.tsx:182:13)
[browser] [Map] OSRM fallback to straight-line segments: AbortError: signal is aborted without reason
    at <unknown> (components/Map.tsx:170:49)
  168 |     const url = `${OSRM_BASE}/${coordPath}?overview=full&geometries=geojson`;
  169 |     const controller = new AbortController();
> 170 |     const timeout = setTimeout(() => controller.abort(), OSRM_TIMEOUT_MS);
      |                                                 ^
  171 |     const res = await fetch(url, { signal: controller.signal });
  172 |     clearTimeout(timeout);
  173 |     if (!res.ok) throw new Error(`OSRM HTTP ${res.status}`); (components/Map.tsx:182:13)
[browser] [Map] OSRM fallback to straight-line segments: AbortError: signal is aborted without reason
    at <unknown> (components/Map.tsx:170:49)
  168 |     const url = `${OSRM_BASE}/${coordPath}?overview=full&geometries=geojson`;
  169 |     const controller = new AbortController();
> 170 |     const timeout = setTimeout(() => controller.abort(), OSRM_TIMEOUT_MS);
      |                                                 ^
  171 |     const res = await fetch(url, { signal: controller.signal });
  172 |     clearTimeout(timeout);
  173 |     if (!res.ok) throw new Error(`OSRM HTTP ${res.status}`); (components/Map.tsx:182:13)
[browser] [Map] OSRM fallback to straight-line segments: AbortError: signal is aborted without reason
    at <unknown> (components/Map.tsx:170:49)
  168 |     const url = `${OSRM_BASE}/${coordPath}?overview=full&geometries=geojson`;
  169 |     const controller = new AbortController();
> 170 |     const timeout = setTimeout(() => controller.abort(), OSRM_TIMEOUT_MS);
      |                                                 ^
  171 |     const res = await fetch(url, { signal: controller.signal });
  172 |     clearTimeout(timeout);
  173 |     if (!res.ok) throw new Error(`OSRM HTTP ${res.status}`); (components/Map.tsx:182:13)
[browser] [Map] OSRM fallback to straight-line segments: TypeError: Failed to fetch
    at fetchRouteGeometry (components/Map.tsx:171:23)
    at MapPanel.useEffect (components/Map.tsx:693:30)
    at MapPanel.useEffect (components/Map.tsx:696:10)
  169 |     const controller = new AbortController();
  170 |     const timeout = setTimeout(() => controller.abort(), OSRM_TIMEOUT_MS);
> 171 |     const res = await fetch(url, { signal: controller.signal });
      |                       ^
  172 |     clearTimeout(timeout);
  173 |     if (!res.ok) throw new Error(`OSRM HTTP ${res.status}`);
  174 |     const body = await res.json(); (components/Map.tsx:182:13)
[browser] [Map] OSRM fallback to straight-line segments: TypeError: Failed to fetch
    at fetchRouteGeometry (components/Map.tsx:171:23)
    at MapPanel.useEffect (components/Map.tsx:693:30)
    at MapPanel.useEffect (components/Map.tsx:696:10)
  169 |     const controller = new AbortController();
  170 |     const timeout = setTimeout(() => controller.abort(), OSRM_TIMEOUT_MS);
> 171 |     const res = await fetch(url, { signal: controller.signal });
      |                       ^
  172 |     clearTimeout(timeout);
  173 |     if (!res.ok) throw new Error(`OSRM HTTP ${res.status}`);
  174 |     const body = await res.json(); (components/Map.tsx:182:13)
[browser] [Map] OSRM fallback to straight-line segments: TypeError: Failed to fetch
    at fetchRouteGeometry (components/Map.tsx:171:23)
    at MapPanel.useEffect (components/Map.tsx:693:30)
    at MapPanel.useEffect (components/Map.tsx:696:10)
  169 |     const controller = new AbortController();
  170 |     const timeout = setTimeout(() => controller.abort(), OSRM_TIMEOUT_MS);
> 171 |     const res = await fetch(url, { signal: controller.signal });
      |                       ^
  172 |     clearTimeout(timeout);
  173 |     if (!res.ok) throw new Error(`OSRM HTTP ${res.status}`);
  174 |     const body = await res.json(); (components/Map.tsx:182:13)
[browser] [Map] OSRM fallback to straight-line segments: TypeError: Failed to fetch
    at fetchRouteGeometry (components/Map.tsx:171:23)
    at MapPanel.useEffect (components/Map.tsx:693:30)
    at MapPanel.useEffect (components/Map.tsx:696:10)
  169 |     const controller = new AbortController();
  170 |     const timeout = setTimeout(() => controller.abort(), OSRM_TIMEOUT_MS);
> 171 |     const res = await fetch(url, { signal: controller.signal });
      |                       ^
  172 |     clearTimeout(timeout);
  173 |     if (!res.ok) throw new Error(`OSRM HTTP ${res.status}`);
  174 |     const body = await res.json(); (components/Map.tsx:182:13)
[browser] [Map] OSRM fallback to straight-line segments: TypeError: Failed to fetch
    at fetchRouteGeometry (components/Map.tsx:171:23)
    at MapPanel.useEffect (components/Map.tsx:693:30)
    at MapPanel.useEffect (components/Map.tsx:696:10)
  169 |     const controller = new AbortController();
  170 |     const timeout = setTimeout(() => controller.abort(), OSRM_TIMEOUT_MS);
> 171 |     const res = await fetch(url, { signal: controller.signal });
      |                       ^
  172 |     clearTimeout(timeout);
  173 |     if (!res.ok) throw new Error(`OSRM HTTP ${res.status}`);
  174 |     const body = await res.json(); (components/Map.tsx:182:13)
[browser] [Map] OSRM fallback to straight-line segments: TypeError: Failed to fetch
    at fetchRouteGeometry (components/Map.tsx:171:23)
    at MapPanel.useEffect (components/Map.tsx:693:30)
    at MapPanel.useEffect (components/Map.tsx:696:10)
  169 |     const controller = new AbortController();
  170 |     const timeout = setTimeout(() => controller.abort(), OSRM_TIMEOUT_MS);
> 171 |     const res = await fetch(url, { signal: controller.signal });
      |                       ^
  172 |     clearTimeout(timeout);
  173 |     if (!res.ok) throw new Error(`OSRM HTTP ${res.status}`);
  174 |     const body = await res.json(); (components/Map.tsx:182:13)
[browser] [Map] OSRM fallback to straight-line segments: TypeError: Failed to fetch
    at fetchRouteGeometry (components/Map.tsx:171:23)
    at MapPanel.useEffect (components/Map.tsx:693:30)
    at MapPanel.useEffect (components/Map.tsx:696:10)
  169 |     const controller = new AbortController();
  170 |     const timeout = setTimeout(() => controller.abort(), OSRM_TIMEOUT_MS);
> 171 |     const res = await fetch(url, { signal: controller.signal });
      |                       ^
  172 |     clearTimeout(timeout);
  173 |     if (!res.ok) throw new Error(`OSRM HTTP ${res.status}`);
  174 |     const body = await res.json(); (components/Map.tsx:182:13)
[browser] [Map] OSRM fallback to straight-line segments: AbortError: signal is aborted without reason
    at <unknown> (components/Map.tsx:170:49)
  168 |     const url = `${OSRM_BASE}/${coordPath}?overview=full&geometries=geojson`;
  169 |     const controller = new AbortController();
> 170 |     const timeout = setTimeout(() => controller.abort(), OSRM_TIMEOUT_MS);
      |                                                 ^
  171 |     const res = await fetch(url, { signal: controller.signal });
  172 |     clearTimeout(timeout);
  173 |     if (!res.ok) throw new Error(`OSRM HTTP ${res.status}`); (components/Map.tsx:182:13)
[browser] [Map] OSRM fallback to straight-line segments: AbortError: signal is aborted without reason
    at <unknown> (components/Map.tsx:170:49)
  168 |     const url = `${OSRM_BASE}/${coordPath}?overview=full&geometries=geojson`;
  169 |     const controller = new AbortController();
> 170 |     const timeout = setTimeout(() => controller.abort(), OSRM_TIMEOUT_MS);
      |                                                 ^
  171 |     const res = await fetch(url, { signal: controller.signal });
  172 |     clearTimeout(timeout);
  173 |     if (!res.ok) throw new Error(`OSRM HTTP ${res.status}`); (components/Map.tsx:182:13)
[browser] [Map] OSRM fallback to straight-line segments: TypeError: Failed to fetch
    at fetchRouteGeometry (components/Map.tsx:171:23)
    at MapPanel.useEffect (components/Map.tsx:693:30)
    at MapPanel.useEffect (components/Map.tsx:696:10)
  169 |     const controller = new AbortController();
  170 |     const timeout = setTimeout(() => controller.abort(), OSRM_TIMEOUT_MS);
> 171 |     const res = await fetch(url, { signal: controller.signal });
      |                       ^
  172 |     clearTimeout(timeout);
  173 |     if (!res.ok) throw new Error(`OSRM HTTP ${res.status}`);
  174 |     const body = await res.json(); (components/Map.tsx:182:13)
[browser] [Map] OSRM fallback to straight-line segments: TypeError: Failed to fetch
    at fetchRouteGeometry (components/Map.tsx:171:23)
    at MapPanel.useEffect (components/Map.tsx:693:30)
    at MapPanel.useEffect (components/Map.tsx:696:10)
  169 |     const controller = new AbortController();
  170 |     const timeout = setTimeout(() => controller.abort(), OSRM_TIMEOUT_MS);
> 171 |     const res = await fetch(url, { signal: controller.signal });
      |                       ^
  172 |     clearTimeout(timeout);
  173 |     if (!res.ok) throw new Error(`OSRM HTTP ${res.status}`);
  174 |     const body = await res.json(); (components/Map.tsx:182:13)
[browser] [Map] OSRM fallback to straight-line segments: TypeError: Failed to fetch
    at fetchRouteGeometry (components/Map.tsx:171:23)
    at MapPanel.useEffect (components/Map.tsx:693:30)
    at MapPanel.useEffect (components/Map.tsx:696:10)
  169 |     const controller = new AbortController();
  170 |     const timeout = setTimeout(() => controller.abort(), OSRM_TIMEOUT_MS);
> 171 |     const res = await fetch(url, { signal: controller.signal });
      |                       ^
  172 |     clearTimeout(timeout);
  173 |     if (!res.ok) throw new Error(`OSRM HTTP ${res.status}`);
  174 |     const body = await res.json(); (components/Map.tsx:182:13)
[browser] [Map] OSRM fallback to straight-line segments: TypeError: Failed to fetch
    at fetchRouteGeometry (components/Map.tsx:171:23)
    at MapPanel.useEffect (components/Map.tsx:693:30)
    at MapPanel.useEffect (components/Map.tsx:696:10)
  169 |     const controller = new AbortController();
  170 |     const timeout = setTimeout(() => controller.abort(), OSRM_TIMEOUT_MS);
> 171 |     const res = await fetch(url, { signal: controller.signal });
      |                       ^
  172 |     clearTimeout(timeout);
  173 |     if (!res.ok) throw new Error(`OSRM HTTP ${res.status}`);
  174 |     const body = await res.json(); (components/Map.tsx:182:13)
[browser] [Map] OSRM fallback to straight-line segments: TypeError: Failed to fetch
    at fetchRouteGeometry (components/Map.tsx:171:23)
    at MapPanel.useEffect (components/Map.tsx:693:30)
    at MapPanel.useEffect (components/Map.tsx:696:10)
  169 |     const controller = new AbortController();
  170 |     const timeout = setTimeout(() => controller.abort(), OSRM_TIMEOUT_MS);
> 171 |     const res = await fetch(url, { signal: controller.signal });
      |                       ^
  172 |     clearTimeout(timeout);
  173 |     if (!res.ok) throw new Error(`OSRM HTTP ${res.status}`);
  174 |     const body = await res.json(); (components/Map.tsx:182:13)
[browser] [Map] OSRM fallback to straight-line segments: TypeError: Failed to fetch
    at fetchRouteGeometry (components/Map.tsx:171:23)
    at MapPanel.useEffect (components/Map.tsx:693:30)
    at MapPanel.useEffect (components/Map.tsx:696:10)
  169 |     const controller = new AbortController();
  170 |     const timeout = setTimeout(() => controller.abort(), OSRM_TIMEOUT_MS);
> 171 |     const res = await fetch(url, { signal: controller.signal });
      |                       ^
  172 |     clearTimeout(timeout);
  173 |     if (!res.ok) throw new Error(`OSRM HTTP ${res.status}`);
  174 |     const body = await res.json(); (components/Map.tsx:182:13)
[browser] [Map] OSRM fallback to straight-line segments: TypeError: Failed to fetch
    at fetchRouteGeometry (components/Map.tsx:171:23)
    at MapPanel.useEffect (components/Map.tsx:693:30)
    at MapPanel.useEffect (components/Map.tsx:696:10)
  169 |     const controller = new AbortController();
  170 |     const timeout = setTimeout(() => controller.abort(), OSRM_TIMEOUT_MS);
> 171 |     const res = await fetch(url, { signal: controller.signal });
      |                       ^
  172 |     clearTimeout(timeout);
  173 |     if (!res.ok) throw new Error(`OSRM HTTP ${res.status}`);
  174 |     const body = await res.json(); (components/Map.tsx:182:13)
[browser] [Map] OSRM fallback to straight-line segments: AbortError: signal is aborted without reason
    at <unknown> (components/Map.tsx:170:49)
  168 |     const url = `${OSRM_BASE}/${coordPath}?overview=full&geometries=geojson`;
  169 |     const controller = new AbortController();
> 170 |     const timeout = setTimeout(() => controller.abort(), OSRM_TIMEOUT_MS);
      |                                                 ^
  171 |     const res = await fetch(url, { signal: controller.signal });
  172 |     clearTimeout(timeout);
  173 |     if (!res.ok) throw new Error(`OSRM HTTP ${res.status}`); (components/Map.tsx:182:13)
[browser] [Map] OSRM fallback to straight-line segments: AbortError: signal is aborted without reason
    at <unknown> (components/Map.tsx:170:49)
  168 |     const url = `${OSRM_BASE}/${coordPath}?overview=full&geometries=geojson`;
  169 |     const controller = new AbortController();
> 170 |     const timeout = setTimeout(() => controller.abort(), OSRM_TIMEOUT_MS);
      |                                                 ^
  171 |     const res = await fetch(url, { signal: controller.signal });
  172 |     clearTimeout(timeout);
  173 |     if (!res.ok) throw new Error(`OSRM HTTP ${res.status}`); (components/Map.tsx:182:13)
[browser] [Map] OSRM fallback to straight-line segments: TypeError: Failed to fetch
    at fetchRouteGeometry (components/Map.tsx:171:23)
    at MapPanel.useEffect (components/Map.tsx:693:30)
    at MapPanel.useEffect (components/Map.tsx:696:10)
  169 |     const controller = new AbortController();
  170 |     const timeout = setTimeout(() => controller.abort(), OSRM_TIMEOUT_MS);
> 171 |     const res = await fetch(url, { signal: controller.signal });
      |                       ^
  172 |     clearTimeout(timeout);
  173 |     if (!res.ok) throw new Error(`OSRM HTTP ${res.status}`);
  174 |     const body = await res.json(); (components/Map.tsx:182:13)
[browser] [Map] OSRM fallback to straight-line segments: TypeError: Failed to fetch
    at fetchRouteGeometry (components/Map.tsx:171:23)
    at MapPanel.useEffect (components/Map.tsx:693:30)
    at MapPanel.useEffect (components/Map.tsx:696:10)
  169 |     const controller = new AbortController();
  170 |     const timeout = setTimeout(() => controller.abort(), OSRM_TIMEOUT_MS);
> 171 |     const res = await fetch(url, { signal: controller.signal });
      |                       ^
  172 |     clearTimeout(timeout);
  173 |     if (!res.ok) throw new Error(`OSRM HTTP ${res.status}`);
  174 |     const body = await res.json(); (components/Map.tsx:182:13)
[browser] [Map] OSRM fallback to straight-line segments: TypeError: Failed to fetch
    at fetchRouteGeometry (components/Map.tsx:171:23)
    at MapPanel.useEffect (components/Map.tsx:693:30)
    at MapPanel.useEffect (components/Map.tsx:696:10)
  169 |     const controller = new AbortController();
  170 |     const timeout = setTimeout(() => controller.abort(), OSRM_TIMEOUT_MS);
> 171 |     const res = await fetch(url, { signal: controller.signal });
      |                       ^
  172 |     clearTimeout(timeout);
  173 |     if (!res.ok) throw new Error(`OSRM HTTP ${res.status}`);
  174 |     const body = await res.json(); (components/Map.tsx:182:13)
[browser] [Map] OSRM fallback to straight-line segments: TypeError: Failed to fetch
    at fetchRouteGeometry (components/Map.tsx:171:23)
    at MapPanel.useEffect (components/Map.tsx:693:30)
    at MapPanel.useEffect (components/Map.tsx:696:10)
  169 |     const controller = new AbortController();
  170 |     const timeout = setTimeout(() => controller.abort(), OSRM_TIMEOUT_MS);
> 171 |     const res = await fetch(url, { signal: controller.signal });
      |                       ^
  172 |     clearTimeout(timeout);
  173 |     if (!res.ok) throw new Error(`OSRM HTTP ${res.status}`);
  174 |     const body = await res.json(); (components/Map.tsx:182:13)
[browser] [Map] OSRM fallback to straight-line segments: TypeError: Failed to fetch
    at fetchRouteGeometry (components/Map.tsx:171:23)
    at MapPanel.useEffect (components/Map.tsx:693:30)
    at MapPanel.useEffect (components/Map.tsx:696:10)
  169 |     const controller = new AbortController();
  170 |     const timeout = setTimeout(() => controller.abort(), OSRM_TIMEOUT_MS);
> 171 |     const res = await fetch(url, { signal: controller.signal });
      |                       ^
  172 |     clearTimeout(timeout);
  173 |     if (!res.ok) throw new Error(`OSRM HTTP ${res.status}`);
  174 |     const body = await res.json(); (components/Map.tsx:182:13)
[browser] [Map] OSRM fallback to straight-line segments: TypeError: Failed to fetch
    at fetchRouteGeometry (components/Map.tsx:171:23)
    at MapPanel.useEffect (components/Map.tsx:693:30)
    at MapPanel.useEffect (components/Map.tsx:696:10)
  169 |     const controller = new AbortController();
  170 |     const timeout = setTimeout(() => controller.abort(), OSRM_TIMEOUT_MS);
> 171 |     const res = await fetch(url, { signal: controller.signal });
      |                       ^
  172 |     clearTimeout(timeout);
  173 |     if (!res.ok) throw new Error(`OSRM HTTP ${res.status}`);
  174 |     const body = await res.json(); (components/Map.tsx:182:13)
[browser] [Map] OSRM fallback to straight-line segments: TypeError: Failed to fetch
    at fetchRouteGeometry (components/Map.tsx:171:23)
    at MapPanel.useEffect (components/Map.tsx:693:30)
    at MapPanel.useEffect (components/Map.tsx:696:10)
  169 |     const controller = new AbortController();
  170 |     const timeout = setTimeout(() => controller.abort(), OSRM_TIMEOUT_MS);
> 171 |     const res = await fetch(url, { signal: controller.signal });
      |                       ^
  172 |     clearTimeout(timeout);
  173 |     if (!res.ok) throw new Error(`OSRM HTTP ${res.status}`);
  174 |     const body = await res.json(); (components/Map.tsx:182:13)
[browser] [Map] OSRM fallback to straight-line segments: AbortError: signal is aborted without reason
    at <unknown> (components/Map.tsx:170:49)
  168 |     const url = `${OSRM_BASE}/${coordPath}?overview=full&geometries=geojson`;
  169 |     const controller = new AbortController();
> 170 |     const timeout = setTimeout(() => controller.abort(), OSRM_TIMEOUT_MS);
      |                                                 ^
  171 |     const res = await fetch(url, { signal: controller.signal });
  172 |     clearTimeout(timeout);
  173 |     if (!res.ok) throw new Error(`OSRM HTTP ${res.status}`); (components/Map.tsx:182:13)
[browser] [Map] OSRM fallback to straight-line segments: AbortError: signal is aborted without reason
    at <unknown> (components/Map.tsx:170:49)
  168 |     const url = `${OSRM_BASE}/${coordPath}?overview=full&geometries=geojson`;
  169 |     const controller = new AbortController();
> 170 |     const timeout = setTimeout(() => controller.abort(), OSRM_TIMEOUT_MS);
      |                                                 ^
  171 |     const res = await fetch(url, { signal: controller.signal });
  172 |     clearTimeout(timeout);
  173 |     if (!res.ok) throw new Error(`OSRM HTTP ${res.status}`); (components/Map.tsx:182:13)
[browser] [Map] OSRM fallback to straight-line segments: TypeError: Failed to fetch
    at fetchRouteGeometry (components/Map.tsx:171:23)
    at MapPanel.useEffect (components/Map.tsx:693:30)
    at MapPanel.useEffect (components/Map.tsx:696:10)
  169 |     const controller = new AbortController();
  170 |     const timeout = setTimeout(() => controller.abort(), OSRM_TIMEOUT_MS);
> 171 |     const res = await fetch(url, { signal: controller.signal });
      |                       ^
  172 |     clearTimeout(timeout);
  173 |     if (!res.ok) throw new Error(`OSRM HTTP ${res.status}`);
  174 |     const body = await res.json(); (components/Map.tsx:182:13)
[browser] [Map] OSRM fallback to straight-line segments: TypeError: Failed to fetch
    at fetchRouteGeometry (components/Map.tsx:171:23)
    at MapPanel.useEffect (components/Map.tsx:693:30)
    at MapPanel.useEffect (components/Map.tsx:696:10)
  169 |     const controller = new AbortController();
  170 |     const timeout = setTimeout(() => controller.abort(), OSRM_TIMEOUT_MS);
> 171 |     const res = await fetch(url, { signal: controller.signal });
      |                       ^
  172 |     clearTimeout(timeout);
  173 |     if (!res.ok) throw new Error(`OSRM HTTP ${res.status}`);
  174 |     const body = await res.json(); (components/Map.tsx:182:13)
[browser] [Map] OSRM fallback to straight-line segments: TypeError: Failed to fetch
    at fetchRouteGeometry (components/Map.tsx:171:23)
    at MapPanel.useEffect (components/Map.tsx:693:30)
    at MapPanel.useEffect (components/Map.tsx:696:10)
  169 |     const controller = new AbortController();
  170 |     const timeout = setTimeout(() => controller.abort(), OSRM_TIMEOUT_MS);
> 171 |     const res = await fetch(url, { signal: controller.signal });
      |                       ^
  172 |     clearTimeout(timeout);
  173 |     if (!res.ok) throw new Error(`OSRM HTTP ${res.status}`);
  174 |     const body = await res.json(); (components/Map.tsx:182:13)
[browser] [Map] OSRM fallback to straight-line segments: TypeError: Failed to fetch
    at fetchRouteGeometry (components/Map.tsx:171:23)
    at MapPanel.useEffect (components/Map.tsx:693:30)
    at MapPanel.useEffect (components/Map.tsx:696:10)
  169 |     const controller = new AbortController();
  170 |     const timeout = setTimeout(() => controller.abort(), OSRM_TIMEOUT_MS);
> 171 |     const res = await fetch(url, { signal: controller.signal });
      |                       ^
  172 |     clearTimeout(timeout);
  173 |     if (!res.ok) throw new Error(`OSRM HTTP ${res.status}`);
  174 |     const body = await res.json(); (components/Map.tsx:182:13)
[browser] [Map] OSRM fallback to straight-line segments: TypeError: Failed to fetch
    at fetchRouteGeometry (components/Map.tsx:171:23)
    at MapPanel.useEffect (components/Map.tsx:693:30)
    at MapPanel.useEffect (components/Map.tsx:696:10)
  169 |     const controller = new AbortController();
  170 |     const timeout = setTimeout(() => controller.abort(), OSRM_TIMEOUT_MS);
> 171 |     const res = await fetch(url, { signal: controller.signal });
      |                       ^
  172 |     clearTimeout(timeout);
  173 |     if (!res.ok) throw new Error(`OSRM HTTP ${res.status}`);
  174 |     const body = await res.json(); (components/Map.tsx:182:13)
[browser] [Map] OSRM fallback to straight-line segments: AbortError: signal is aborted without reason
    at <unknown> (components/Map.tsx:170:49)
  168 |     const url = `${OSRM_BASE}/${coordPath}?overview=full&geometries=geojson`;
  169 |     const controller = new AbortController();
> 170 |     const timeout = setTimeout(() => controller.abort(), OSRM_TIMEOUT_MS);
      |                                                 ^
  171 |     const res = await fetch(url, { signal: controller.signal });
  172 |     clearTimeout(timeout);
  173 |     if (!res.ok) throw new Error(`OSRM HTTP ${res.status}`); (components/Map.tsx:182:13)
[browser] [Map] OSRM fallback to straight-line segments: AbortError: signal is aborted without reason
    at <unknown> (components/Map.tsx:170:49)
  168 |     const url = `${OSRM_BASE}/${coordPath}?overview=full&geometries=geojson`;
  169 |     const controller = new AbortController();
> 170 |     const timeout = setTimeout(() => controller.abort(), OSRM_TIMEOUT_MS);
      |                                                 ^
  171 |     const res = await fetch(url, { signal: controller.signal });
  172 |     clearTimeout(timeout);
  173 |     if (!res.ok) throw new Error(`OSRM HTTP ${res.status}`); (components/Map.tsx:182:13)
[browser] [Map] OSRM fallback to straight-line segments: AbortError: signal is aborted without reason
    at <unknown> (components/Map.tsx:170:49)
  168 |     const url = `${OSRM_BASE}/${coordPath}?overview=full&geometries=geojson`;
  169 |     const controller = new AbortController();
> 170 |     const timeout = setTimeout(() => controller.abort(), OSRM_TIMEOUT_MS);
      |                                                 ^
  171 |     const res = await fetch(url, { signal: controller.signal });
  172 |     clearTimeout(timeout);
  173 |     if (!res.ok) throw new Error(`OSRM HTTP ${res.status}`); (components/Map.tsx:182:13)
[browser] [Map] OSRM fallback to straight-line segments: AbortError: signal is aborted without reason
    at <unknown> (components/Map.tsx:170:49)
  168 |     const url = `${OSRM_BASE}/${coordPath}?overview=full&geometries=geojson`;
  169 |     const controller = new AbortController();
> 170 |     const timeout = setTimeout(() => controller.abort(), OSRM_TIMEOUT_MS);
      |                                                 ^
  171 |     const res = await fetch(url, { signal: controller.signal });
  172 |     clearTimeout(timeout);
  173 |     if (!res.ok) throw new Error(`OSRM HTTP ${res.status}`); (components/Map.tsx:182:13)
[browser] [Map] OSRM fallback to straight-line segments: TypeError: Failed to fetch
    at fetchRouteGeometry (components/Map.tsx:171:23)
    at MapPanel.useEffect (components/Map.tsx:693:30)
    at MapPanel.useEffect (components/Map.tsx:696:10)
  169 |     const controller = new AbortController();
  170 |     const timeout = setTimeout(() => controller.abort(), OSRM_TIMEOUT_MS);
> 171 |     const res = await fetch(url, { signal: controller.signal });
      |                       ^
  172 |     clearTimeout(timeout);
  173 |     if (!res.ok) throw new Error(`OSRM HTTP ${res.status}`);
  174 |     const body = await res.json(); (components/Map.tsx:182:13)
[browser] [Map] OSRM fallback to straight-line segments: TypeError: Failed to fetch
    at fetchRouteGeometry (components/Map.tsx:171:23)
    at MapPanel.useEffect (components/Map.tsx:693:30)
    at MapPanel.useEffect (components/Map.tsx:696:10)
  169 |     const controller = new AbortController();
  170 |     const timeout = setTimeout(() => controller.abort(), OSRM_TIMEOUT_MS);
> 171 |     const res = await fetch(url, { signal: controller.signal });
      |                       ^
  172 |     clearTimeout(timeout);
  173 |     if (!res.ok) throw new Error(`OSRM HTTP ${res.status}`);
  174 |     const body = await res.json(); (components/Map.tsx:182:13)
[browser] [Map] OSRM fallback to straight-line segments: AbortError: signal is aborted without reason
    at <unknown> (components/Map.tsx:170:49)
  168 |     const url = `${OSRM_BASE}/${coordPath}?overview=full&geometries=geojson`;
  169 |     const controller = new AbortController();
> 170 |     const timeout = setTimeout(() => controller.abort(), OSRM_TIMEOUT_MS);
      |                                                 ^
  171 |     const res = await fetch(url, { signal: controller.signal });
  172 |     clearTimeout(timeout);
  173 |     if (!res.ok) throw new Error(`OSRM HTTP ${res.status}`); (components/Map.tsx:182:13)
[browser] [Map] OSRM fallback to straight-line segments: AbortError: signal is aborted without reason
    at <unknown> (components/Map.tsx:170:49)
  168 |     const url = `${OSRM_BASE}/${coordPath}?overview=full&geometries=geojson`;
  169 |     const controller = new AbortController();
> 170 |     const timeout = setTimeout(() => controller.abort(), OSRM_TIMEOUT_MS);
      |                                                 ^
  171 |     const res = await fetch(url, { signal: controller.signal });
  172 |     clearTimeout(timeout);
  173 |     if (!res.ok) throw new Error(`OSRM HTTP ${res.status}`); (components/Map.tsx:182:13)
[browser] [Map] OSRM fallback to straight-line segments: AbortError: signal is aborted without reason
    at <unknown> (components/Map.tsx:170:49)
  168 |     const url = `${OSRM_BASE}/${coordPath}?overview=full&geometries=geojson`;
  169 |     const controller = new AbortController();
> 170 |     const timeout = setTimeout(() => controller.abort(), OSRM_TIMEOUT_MS);
      |                                                 ^
  171 |     const res = await fetch(url, { signal: controller.signal });
  172 |     clearTimeout(timeout);
  173 |     if (!res.ok) throw new Error(`OSRM HTTP ${res.status}`); (components/Map.tsx:182:13)
[browser] [Map] OSRM fallback to straight-line segments: AbortError: signal is aborted without reason
    at <unknown> (components/Map.tsx:170:49)
  168 |     const url = `${OSRM_BASE}/${coordPath}?overview=full&geometries=geojson`;
  169 |     const controller = new AbortController();
> 170 |     const timeout = setTimeout(() => controller.abort(), OSRM_TIMEOUT_MS);
      |                                                 ^
  171 |     const res = await fetch(url, { signal: controller.signal });
  172 |     clearTimeout(timeout);
  173 |     if (!res.ok) throw new Error(`OSRM HTTP ${res.status}`); (components/Map.tsx:182:13)
[browser] [Map] OSRM fallback to straight-line segments: AbortError: signal is aborted without reason
    at <unknown> (components/Map.tsx:170:49)
  168 |     const url = `${OSRM_BASE}/${coordPath}?overview=full&geometries=geojson`;
  169 |     const controller = new AbortController();
> 170 |     const timeout = setTimeout(() => controller.abort(), OSRM_TIMEOUT_MS);
      |                                                 ^
  171 |     const res = await fetch(url, { signal: controller.signal });
  172 |     clearTimeout(timeout);
  173 |     if (!res.ok) throw new Error(`OSRM HTTP ${res.status}`); (components/Map.tsx:182:13)
[browser] [Map] OSRM fallback to straight-line segments: AbortError: signal is aborted without reason
    at <unknown> (components/Map.tsx:170:49)
  168 |     const url = `${OSRM_BASE}/${coordPath}?overview=full&geometries=geojson`;
  169 |     const controller = new AbortController();
> 170 |     const timeout = setTimeout(() => controller.abort(), OSRM_TIMEOUT_MS);
      |                                                 ^
  171 |     const res = await fetch(url, { signal: controller.signal });
  172 |     clearTimeout(timeout);
  173 |     if (!res.ok) throw new Error(`OSRM HTTP ${res.status}`); (components/Map.tsx:182:13)
[browser] [Map] OSRM fallback to straight-line segments: AbortError: signal is aborted without reason
    at <unknown> (components/Map.tsx:170:49)
  168 |     const url = `${OSRM_BASE}/${coordPath}?overview=full&geometries=geojson`;
  169 |     const controller = new AbortController();
> 170 |     const timeout = setTimeout(() => controller.abort(), OSRM_TIMEOUT_MS);
      |                                                 ^
  171 |     const res = await fetch(url, { signal: controller.signal });
  172 |     clearTimeout(timeout);
  173 |     if (!res.ok) throw new Error(`OSRM HTTP ${res.status}`); (components/Map.tsx:182:13)
[browser] [Map] OSRM fallback to straight-line segments: TypeError: Failed to fetch
    at fetchRouteGeometry (components/Map.tsx:171:23)
    at MapPanel.useEffect (components/Map.tsx:693:30)
    at MapPanel.useEffect (components/Map.tsx:696:10)
  169 |     const controller = new AbortController();
  170 |     const timeout = setTimeout(() => controller.abort(), OSRM_TIMEOUT_MS);
> 171 |     const res = await fetch(url, { signal: controller.signal });
      |                       ^
  172 |     clearTimeout(timeout);
  173 |     if (!res.ok) throw new Error(`OSRM HTTP ${res.status}`);
  174 |     const body = await res.json(); (components/Map.tsx:182:13)
[browser] [Map] OSRM fallback to straight-line segments: TypeError: Failed to fetch
    at fetchRouteGeometry (components/Map.tsx:171:23)
    at MapPanel.useEffect (components/Map.tsx:693:30)
    at MapPanel.useEffect (components/Map.tsx:696:10)
  169 |     const controller = new AbortController();
  170 |     const timeout = setTimeout(() => controller.abort(), OSRM_TIMEOUT_MS);
> 171 |     const res = await fetch(url, { signal: controller.signal });
      |                       ^
  172 |     clearTimeout(timeout);
  173 |     if (!res.ok) throw new Error(`OSRM HTTP ${res.status}`);
  174 |     const body = await res.json(); (components/Map.tsx:182:13)
[browser] [Map] OSRM fallback to straight-line segments: TypeError: Failed to fetch
    at fetchRouteGeometry (components/Map.tsx:171:23)
    at MapPanel.useEffect (components/Map.tsx:693:30)
    at MapPanel.useEffect (components/Map.tsx:696:10)
  169 |     const controller = new AbortController();
  170 |     const timeout = setTimeout(() => controller.abort(), OSRM_TIMEOUT_MS);
> 171 |     const res = await fetch(url, { signal: controller.signal });
      |                       ^
  172 |     clearTimeout(timeout);
  173 |     if (!res.ok) throw new Error(`OSRM HTTP ${res.status}`);
  174 |     const body = await res.json(); (components/Map.tsx:182:13)
[browser] [Map] OSRM fallback to straight-line segments: TypeError: Failed to fetch
    at fetchRouteGeometry (components/Map.tsx:171:23)
    at MapPanel.useEffect (components/Map.tsx:693:30)
    at MapPanel.useEffect (components/Map.tsx:696:10)
  169 |     const controller = new AbortController();
  170 |     const timeout = setTimeout(() => controller.abort(), OSRM_TIMEOUT_MS);
> 171 |     const res = await fetch(url, { signal: controller.signal });
      |                       ^
  172 |     clearTimeout(timeout);
  173 |     if (!res.ok) throw new Error(`OSRM HTTP ${res.status}`);
  174 |     const body = await res.json(); (components/Map.tsx:182:13)
[browser] [Map] OSRM fallback to straight-line segments: TypeError: Failed to fetch
    at fetchRouteGeometry (components/Map.tsx:171:23)
    at MapPanel.useEffect (components/Map.tsx:693:30)
    at MapPanel.useEffect (components/Map.tsx:696:10)
  169 |     const controller = new AbortController();
  170 |     const timeout = setTimeout(() => controller.abort(), OSRM_TIMEOUT_MS);
> 171 |     const res = await fetch(url, { signal: controller.signal });
      |                       ^
  172 |     clearTimeout(timeout);
  173 |     if (!res.ok) throw new Error(`OSRM HTTP ${res.status}`);
  174 |     const body = await res.json(); (components/Map.tsx:182:13)
[browser] [Map] OSRM fallback to straight-line segments: TypeError: Failed to fetch
    at fetchRouteGeometry (components/Map.tsx:171:23)
    at MapPanel.useEffect (components/Map.tsx:693:30)
    at MapPanel.useEffect (components/Map.tsx:696:10)
  169 |     const controller = new AbortController();
  170 |     const timeout = setTimeout(() => controller.abort(), OSRM_TIMEOUT_MS);
> 171 |     const res = await fetch(url, { signal: controller.signal });
      |                       ^
  172 |     clearTimeout(timeout);
  173 |     if (!res.ok) throw new Error(`OSRM HTTP ${res.status}`);
  174 |     const body = await res.json(); (components/Map.tsx:182:13)
[browser] [Map] OSRM fallback to straight-line segments: TypeError: Failed to fetch
    at fetchRouteGeometry (components/Map.tsx:171:23)
    at MapPanel.useEffect (components/Map.tsx:693:30)
    at MapPanel.useEffect (components/Map.tsx:696:10)
  169 |     const controller = new AbortController();
  170 |     const timeout = setTimeout(() => controller.abort(), OSRM_TIMEOUT_MS);
> 171 |     const res = await fetch(url, { signal: controller.signal });
      |                       ^
  172 |     clearTimeout(timeout);
  173 |     if (!res.ok) throw new Error(`OSRM HTTP ${res.status}`);
  174 |     const body = await res.json(); (components/Map.tsx:182:13)
[browser] [Map] OSRM fallback to straight-line segments: TypeError: Failed to fetch
    at fetchRouteGeometry (components/Map.tsx:171:23)
    at MapPanel.useEffect (components/Map.tsx:693:30)
    at MapPanel.useEffect (components/Map.tsx:696:10)
  169 |     const controller = new AbortController();
  170 |     const timeout = setTimeout(() => controller.abort(), OSRM_TIMEOUT_MS);
> 171 |     const res = await fetch(url, { signal: controller.signal });
      |                       ^
  172 |     clearTimeout(timeout);
  173 |     if (!res.ok) throw new Error(`OSRM HTTP ${res.status}`);
  174 |     const body = await res.json(); (components/Map.tsx:182:13)
[browser] [Map] OSRM fallback to straight-line segments: AbortError: signal is aborted without reason
    at <unknown> (components/Map.tsx:170:49)
  168 |     const url = `${OSRM_BASE}/${coordPath}?overview=full&geometries=geojson`;
  169 |     const controller = new AbortController();
> 170 |     const timeout = setTimeout(() => controller.abort(), OSRM_TIMEOUT_MS);
      |                                                 ^
  171 |     const res = await fetch(url, { signal: controller.signal });
  172 |     clearTimeout(timeout);
  173 |     if (!res.ok) throw new Error(`OSRM HTTP ${res.status}`); (components/Map.tsx:182:13)
[browser] [Map] OSRM fallback to straight-line segments: TypeError: Failed to fetch
    at fetchRouteGeometry (components/Map.tsx:171:23)
    at MapPanel.useEffect (components/Map.tsx:693:30)
    at MapPanel.useEffect (components/Map.tsx:696:10)
  169 |     const controller = new AbortController();
  170 |     const timeout = setTimeout(() => controller.abort(), OSRM_TIMEOUT_MS);
> 171 |     const res = await fetch(url, { signal: controller.signal });
      |                       ^
  172 |     clearTimeout(timeout);
  173 |     if (!res.ok) throw new Error(`OSRM HTTP ${res.status}`);
  174 |     const body = await res.json(); (components/Map.tsx:182:13)
[browser] [Map] OSRM fallback to straight-line segments: TypeError: Failed to fetch
    at fetchRouteGeometry (components/Map.tsx:171:23)
    at MapPanel.useEffect (components/Map.tsx:693:30)
    at MapPanel.useEffect (components/Map.tsx:696:10)
  169 |     const controller = new AbortController();
  170 |     const timeout = setTimeout(() => controller.abort(), OSRM_TIMEOUT_MS);
> 171 |     const res = await fetch(url, { signal: controller.signal });
      |                       ^
  172 |     clearTimeout(timeout);
  173 |     if (!res.ok) throw new Error(`OSRM HTTP ${res.status}`);
  174 |     const body = await res.json(); (components/Map.tsx:182:13)
[browser] [Map] OSRM fallback to straight-line segments: TypeError: Failed to fetch
    at fetchRouteGeometry (components/Map.tsx:171:23)
    at MapPanel.useEffect (components/Map.tsx:693:30)
    at MapPanel.useEffect (components/Map.tsx:696:10)
  169 |     const controller = new AbortController();
  170 |     const timeout = setTimeout(() => controller.abort(), OSRM_TIMEOUT_MS);
> 171 |     const res = await fetch(url, { signal: controller.signal });
      |                       ^
  172 |     clearTimeout(timeout);
  173 |     if (!res.ok) throw new Error(`OSRM HTTP ${res.status}`);
  174 |     const body = await res.json(); (components/Map.tsx:182:13)
[browser] [Map] OSRM fallback to straight-line segments: TypeError: Failed to fetch
    at fetchRouteGeometry (components/Map.tsx:171:23)
    at MapPanel.useEffect (components/Map.tsx:693:30)
    at MapPanel.useEffect (components/Map.tsx:696:10)
  169 |     const controller = new AbortController();
  170 |     const timeout = setTimeout(() => controller.abort(), OSRM_TIMEOUT_MS);
> 171 |     const res = await fetch(url, { signal: controller.signal });
      |                       ^
  172 |     clearTimeout(timeout);
  173 |     if (!res.ok) throw new Error(`OSRM HTTP ${res.status}`);
  174 |     const body = await res.json(); (components/Map.tsx:182:13)
[browser] [Map] OSRM fallback to straight-line segments: TypeError: Failed to fetch
    at fetchRouteGeometry (components/Map.tsx:171:23)
    at MapPanel.useEffect (components/Map.tsx:693:30)
    at MapPanel.useEffect (components/Map.tsx:696:10)
  169 |     const controller = new AbortController();
  170 |     const timeout = setTimeout(() => controller.abort(), OSRM_TIMEOUT_MS);
> 171 |     const res = await fetch(url, { signal: controller.signal });
      |                       ^
  172 |     clearTimeout(timeout);
  173 |     if (!res.ok) throw new Error(`OSRM HTTP ${res.status}`);
  174 |     const body = await res.json(); (components/Map.tsx:182:13)
[browser] [Map] OSRM fallback to straight-line segments: TypeError: Failed to fetch
    at fetchRouteGeometry (components/Map.tsx:171:23)
    at MapPanel.useEffect (components/Map.tsx:693:30)
    at MapPanel.useEffect (components/Map.tsx:696:10)
  169 |     const controller = new AbortController();
  170 |     const timeout = setTimeout(() => controller.abort(), OSRM_TIMEOUT_MS);
> 171 |     const res = await fetch(url, { signal: controller.signal });
      |                       ^
  172 |     clearTimeout(timeout);
  173 |     if (!res.ok) throw new Error(`OSRM HTTP ${res.status}`);
  174 |     const body = await res.json(); (components/Map.tsx:182:13)
[browser] [Map] OSRM fallback to straight-line segments: TypeError: Failed to fetch
    at fetchRouteGeometry (components/Map.tsx:171:23)
    at MapPanel.useEffect (components/Map.tsx:693:30)
    at MapPanel.useEffect (components/Map.tsx:696:10)
  169 |     const controller = new AbortController();
  170 |     const timeout = setTimeout(() => controller.abort(), OSRM_TIMEOUT_MS);
> 171 |     const res = await fetch(url, { signal: controller.signal });
      |                       ^
  172 |     clearTimeout(timeout);
  173 |     if (!res.ok) throw new Error(`OSRM HTTP ${res.status}`);
  174 |     const body = await res.json(); (components/Map.tsx:182:13)
[browser] [Map] OSRM fallback to straight-line segments: TypeError: Failed to fetch
    at fetchRouteGeometry (components/Map.tsx:171:23)
    at MapPanel.useEffect (components/Map.tsx:693:30)
    at MapPanel.useEffect (components/Map.tsx:696:10)
  169 |     const controller = new AbortController();
  170 |     const timeout = setTimeout(() => controller.abort(), OSRM_TIMEOUT_MS);
> 171 |     const res = await fetch(url, { signal: controller.signal });
      |                       ^
  172 |     clearTimeout(timeout);
  173 |     if (!res.ok) throw new Error(`OSRM HTTP ${res.status}`);
  174 |     const body = await res.json(); (components/Map.tsx:182:13)
[browser] [Map] OSRM fallback to straight-line segments: TypeError: Failed to fetch
    at fetchRouteGeometry (components/Map.tsx:171:23)
    at MapPanel.useEffect (components/Map.tsx:693:30)
    at MapPanel.useEffect (components/Map.tsx:696:10)
  169 |     const controller = new AbortController();
  170 |     const timeout = setTimeout(() => controller.abort(), OSRM_TIMEOUT_MS);
> 171 |     const res = await fetch(url, { signal: controller.signal });
      |                       ^
  172 |     clearTimeout(timeout);
  173 |     if (!res.ok) throw new Error(`OSRM HTTP ${res.status}`);
  174 |     const body = await res.json(); (components/Map.tsx:182:13)
[browser] [Map] OSRM fallback to straight-line segments: TypeError: Failed to fetch
    at fetchRouteGeometry (components/Map.tsx:171:23)
    at MapPanel.useEffect (components/Map.tsx:693:30)
    at MapPanel.useEffect (components/Map.tsx:696:10)
  169 |     const controller = new AbortController();
  170 |     const timeout = setTimeout(() => controller.abort(), OSRM_TIMEOUT_MS);
> 171 |     const res = await fetch(url, { signal: controller.signal });
      |                       ^
  172 |     clearTimeout(timeout);
  173 |     if (!res.ok) throw new Error(`OSRM HTTP ${res.status}`);
  174 |     const body = await res.json(); (components/Map.tsx:182:13)
[browser] [Map] OSRM fallback to straight-line segments: TypeError: Failed to fetch
    at fetchRouteGeometry (components/Map.tsx:171:23)
    at MapPanel.useEffect (components/Map.tsx:693:30)
    at MapPanel.useEffect (components/Map.tsx:696:10)
  169 |     const controller = new AbortController();
  170 |     const timeout = setTimeout(() => controller.abort(), OSRM_TIMEOUT_MS);
> 171 |     const res = await fetch(url, { signal: controller.signal });
      |                       ^
  172 |     clearTimeout(timeout);
  173 |     if (!res.ok) throw new Error(`OSRM HTTP ${res.status}`);
  174 |     const body = await res.json(); (components/Map.tsx:182:13)
[browser] [Map] OSRM fallback to straight-line segments: TypeError: Failed to fetch
    at fetchRouteGeometry (components/Map.tsx:171:23)
    at MapPanel.useEffect (components/Map.tsx:693:30)
    at MapPanel.useEffect (components/Map.tsx:696:10)
  169 |     const controller = new AbortController();
  170 |     const timeout = setTimeout(() => controller.abort(), OSRM_TIMEOUT_MS);
> 171 |     const res = await fetch(url, { signal: controller.signal });
      |                       ^
  172 |     clearTimeout(timeout);
  173 |     if (!res.ok) throw new Error(`OSRM HTTP ${res.status}`);
  174 |     const body = await res.json(); (components/Map.tsx:182:13)
[browser] [Map] OSRM fallback to straight-line segments: TypeError: Failed to fetch
    at fetchRouteGeometry (components/Map.tsx:171:23)
    at MapPanel.useEffect (components/Map.tsx:693:30)
    at MapPanel.useEffect (components/Map.tsx:696:10)
  169 |     const controller = new AbortController();
  170 |     const timeout = setTimeout(() => controller.abort(), OSRM_TIMEOUT_MS);
> 171 |     const res = await fetch(url, { signal: controller.signal });
      |                       ^
  172 |     clearTimeout(timeout);
  173 |     if (!res.ok) throw new Error(`OSRM HTTP ${res.status}`);
  174 |     const body = await res.json(); (components/Map.tsx:182:13)
[browser] [Map] OSRM fallback to straight-line segments: TypeError: Failed to fetch
    at fetchRouteGeometry (components/Map.tsx:171:23)
    at MapPanel.useEffect (components/Map.tsx:693:30)
    at MapPanel.useEffect (components/Map.tsx:696:10)
  169 |     const controller = new AbortController();
  170 |     const timeout = setTimeout(() => controller.abort(), OSRM_TIMEOUT_MS);
> 171 |     const res = await fetch(url, { signal: controller.signal });
      |                       ^
  172 |     clearTimeout(timeout);
  173 |     if (!res.ok) throw new Error(`OSRM HTTP ${res.status}`);
  174 |     const body = await res.json(); (components/Map.tsx:182:13)
[browser] [Map] OSRM fallback to straight-line segments: TypeError: Failed to fetch
    at fetchRouteGeometry (components/Map.tsx:171:23)
    at MapPanel.useEffect (components/Map.tsx:693:30)
    at MapPanel.useEffect (components/Map.tsx:696:10)
  169 |     const controller = new AbortController();
  170 |     const timeout = setTimeout(() => controller.abort(), OSRM_TIMEOUT_MS);
> 171 |     const res = await fetch(url, { signal: controller.signal });
      |                       ^
  172 |     clearTimeout(timeout);
  173 |     if (!res.ok) throw new Error(`OSRM HTTP ${res.status}`);
  174 |     const body = await res.json(); (components/Map.tsx:182:13)
[browser] [Map] OSRM fallback to straight-line segments: TypeError: Failed to fetch
    at fetchRouteGeometry (components/Map.tsx:171:23)
    at MapPanel.useEffect (components/Map.tsx:693:30)
    at MapPanel.useEffect (components/Map.tsx:696:10)
  169 |     const controller = new AbortController();
  170 |     const timeout = setTimeout(() => controller.abort(), OSRM_TIMEOUT_MS);
> 171 |     const res = await fetch(url, { signal: controller.signal });
      |                       ^
  172 |     clearTimeout(timeout);
  173 |     if (!res.ok) throw new Error(`OSRM HTTP ${res.status}`);
  174 |     const body = await res.json(); (components/Map.tsx:182:13)
[browser] [Map] OSRM fallback to straight-line segments: TypeError: Failed to fetch
    at fetchRouteGeometry (components/Map.tsx:171:23)
    at MapPanel.useEffect (components/Map.tsx:693:30)
    at MapPanel.useEffect (components/Map.tsx:696:10)
  169 |     const controller = new AbortController();
  170 |     const timeout = setTimeout(() => controller.abort(), OSRM_TIMEOUT_MS);
> 171 |     const res = await fetch(url, { signal: controller.signal });
      |                       ^
  172 |     clearTimeout(timeout);
  173 |     if (!res.ok) throw new Error(`OSRM HTTP ${res.status}`);
  174 |     const body = await res.json(); (components/Map.tsx:182:13)
[browser] [Map] OSRM fallback to straight-line segments: TypeError: Failed to fetch
    at fetchRouteGeometry (components/Map.tsx:171:23)
    at MapPanel.useEffect (components/Map.tsx:693:30)
    at MapPanel.useEffect (components/Map.tsx:696:10)
  169 |     const controller = new AbortController();
  170 |     const timeout = setTimeout(() => controller.abort(), OSRM_TIMEOUT_MS);
> 171 |     const res = await fetch(url, { signal: controller.signal });
      |                       ^
  172 |     clearTimeout(timeout);
  173 |     if (!res.ok) throw new Error(`OSRM HTTP ${res.status}`);
  174 |     const body = await res.json(); (components/Map.tsx:182:13)
[browser] [Map] OSRM fallback to straight-line segments: TypeError: Failed to fetch
    at fetchRouteGeometry (components/Map.tsx:171:23)
    at MapPanel.useEffect (components/Map.tsx:693:30)
    at MapPanel.useEffect (components/Map.tsx:696:10)
  169 |     const controller = new AbortController();
  170 |     const timeout = setTimeout(() => controller.abort(), OSRM_TIMEOUT_MS);
> 171 |     const res = await fetch(url, { signal: controller.signal });
      |                       ^
  172 |     clearTimeout(timeout);
  173 |     if (!res.ok) throw new Error(`OSRM HTTP ${res.status}`);
  174 |     const body = await res.json(); (components/Map.tsx:182:13)
[browser] [Map] OSRM fallback to straight-line segments: TypeError: Failed to fetch
    at fetchRouteGeometry (components/Map.tsx:171:23)
    at MapPanel.useEffect (components/Map.tsx:693:30)
    at MapPanel.useEffect (components/Map.tsx:696:10)
  169 |     const controller = new AbortController();
  170 |     const timeout = setTimeout(() => controller.abort(), OSRM_TIMEOUT_MS);
> 171 |     const res = await fetch(url, { signal: controller.signal });
      |                       ^
  172 |     clearTimeout(timeout);
  173 |     if (!res.ok) throw new Error(`OSRM HTTP ${res.status}`);
  174 |     const body = await res.json(); (components/Map.tsx:182:13)
[browser] [Map] OSRM fallback to straight-line segments: TypeError: Failed to fetch
    at fetchRouteGeometry (components/Map.tsx:171:23)
    at MapPanel.useEffect (components/Map.tsx:693:30)
    at MapPanel.useEffect (components/Map.tsx:696:10)
  169 |     const controller = new AbortController();
  170 |     const timeout = setTimeout(() => controller.abort(), OSRM_TIMEOUT_MS);
> 171 |     const res = await fetch(url, { signal: controller.signal });
      |                       ^
  172 |     clearTimeout(timeout);
  173 |     if (!res.ok) throw new Error(`OSRM HTTP ${res.status}`);
  174 |     const body = await res.json(); (components/Map.tsx:182:13)
[browser] [Map] OSRM fallback to straight-line segments: TypeError: Failed to fetch
    at fetchRouteGeometry (components/Map.tsx:171:23)
    at MapPanel.useEffect (components/Map.tsx:693:30)
    at MapPanel.useEffect (components/Map.tsx:696:10)
  169 |     const controller = new AbortController();
  170 |     const timeout = setTimeout(() => controller.abort(), OSRM_TIMEOUT_MS);
> 171 |     const res = await fetch(url, { signal: controller.signal });
      |                       ^
  172 |     clearTimeout(timeout);
  173 |     if (!res.ok) throw new Error(`OSRM HTTP ${res.status}`);
  174 |     const body = await res.json(); (components/Map.tsx:182:13)
[browser] [Map] OSRM fallback to straight-line segments: TypeError: Failed to fetch
    at fetchRouteGeometry (components/Map.tsx:171:23)
    at MapPanel.useEffect (components/Map.tsx:693:30)
    at MapPanel.useEffect (components/Map.tsx:696:10)
  169 |     const controller = new AbortController();
  170 |     const timeout = setTimeout(() => controller.abort(), OSRM_TIMEOUT_MS);
> 171 |     const res = await fetch(url, { signal: controller.signal });
      |                       ^
  172 |     clearTimeout(timeout);
  173 |     if (!res.ok) throw new Error(`OSRM HTTP ${res.status}`);
  174 |     const body = await res.json(); (components/Map.tsx:182:13)
[browser] [Map] OSRM fallback to straight-line segments: TypeError: Failed to fetch
    at fetchRouteGeometry (components/Map.tsx:171:23)
    at MapPanel.useEffect (components/Map.tsx:693:30)
    at MapPanel.useEffect (components/Map.tsx:696:10)
  169 |     const controller = new AbortController();
  170 |     const timeout = setTimeout(() => controller.abort(), OSRM_TIMEOUT_MS);
> 171 |     const res = await fetch(url, { signal: controller.signal });
      |                       ^
  172 |     clearTimeout(timeout);
  173 |     if (!res.ok) throw new Error(`OSRM HTTP ${res.status}`);
  174 |     const body = await res.json(); (components/Map.tsx:182:13)
[browser] [Map] OSRM fallback to straight-line segments: TypeError: Failed to fetch
    at fetchRouteGeometry (components/Map.tsx:171:23)
    at MapPanel.useEffect (components/Map.tsx:693:30)
    at MapPanel.useEffect (components/Map.tsx:696:10)
  169 |     const controller = new AbortController();
  170 |     const timeout = setTimeout(() => controller.abort(), OSRM_TIMEOUT_MS);
> 171 |     const res = await fetch(url, { signal: controller.signal });
      |                       ^
  172 |     clearTimeout(timeout);
  173 |     if (!res.ok) throw new Error(`OSRM HTTP ${res.status}`);
  174 |     const body = await res.json(); (components/Map.tsx:182:13)
[browser] [Map] OSRM fallback to straight-line segments: TypeError: Failed to fetch
    at fetchRouteGeometry (components/Map.tsx:171:23)
    at MapPanel.useEffect (components/Map.tsx:693:30)
    at MapPanel.useEffect (components/Map.tsx:696:10)
  169 |     const controller = new AbortController();
  170 |     const timeout = setTimeout(() => controller.abort(), OSRM_TIMEOUT_MS);
> 171 |     const res = await fetch(url, { signal: controller.signal });
      |                       ^
  172 |     clearTimeout(timeout);
  173 |     if (!res.ok) throw new Error(`OSRM HTTP ${res.status}`);
  174 |     const body = await res.json(); (components/Map.tsx:182:13)
[browser] [Map] OSRM fallback to straight-line segments: TypeError: Failed to fetch
    at fetchRouteGeometry (components/Map.tsx:171:23)
    at MapPanel.useEffect (components/Map.tsx:693:30)
    at MapPanel.useEffect (components/Map.tsx:696:10)
  169 |     const controller = new AbortController();
  170 |     const timeout = setTimeout(() => controller.abort(), OSRM_TIMEOUT_MS);
> 171 |     const res = await fetch(url, { signal: controller.signal });
      |                       ^
  172 |     clearTimeout(timeout);
  173 |     if (!res.ok) throw new Error(`OSRM HTTP ${res.status}`);
  174 |     const body = await res.json(); (components/Map.tsx:182:13)
[browser] [Map] OSRM fallback to straight-line segments: TypeError: Failed to fetch
    at fetchRouteGeometry (components/Map.tsx:171:23)
    at MapPanel.useEffect (components/Map.tsx:693:30)
    at MapPanel.useEffect (components/Map.tsx:696:10)
  169 |     const controller = new AbortController();
  170 |     const timeout = setTimeout(() => controller.abort(), OSRM_TIMEOUT_MS);
> 171 |     const res = await fetch(url, { signal: controller.signal });
      |                       ^
  172 |     clearTimeout(timeout);
  173 |     if (!res.ok) throw new Error(`OSRM HTTP ${res.status}`);
  174 |     const body = await res.json(); (components/Map.tsx:182:13)
[browser] [Map] OSRM fallback to straight-line segments: TypeError: Failed to fetch
    at fetchRouteGeometry (components/Map.tsx:171:23)
    at MapPanel.useEffect (components/Map.tsx:693:30)
    at MapPanel.useEffect (components/Map.tsx:696:10)
  169 |     const controller = new AbortController();
  170 |     const timeout = setTimeout(() => controller.abort(), OSRM_TIMEOUT_MS);
> 171 |     const res = await fetch(url, { signal: controller.signal });
      |                       ^
  172 |     clearTimeout(timeout);
  173 |     if (!res.ok) throw new Error(`OSRM HTTP ${res.status}`);
  174 |     const body = await res.json(); (components/Map.tsx:182:13)
[browser] [Map] OSRM fallback to straight-line segments: TypeError: Failed to fetch
    at fetchRouteGeometry (components/Map.tsx:171:23)
    at MapPanel.useEffect (components/Map.tsx:693:30)
    at MapPanel.useEffect (components/Map.tsx:696:10)
  169 |     const controller = new AbortController();
  170 |     const timeout = setTimeout(() => controller.abort(), OSRM_TIMEOUT_MS);
> 171 |     const res = await fetch(url, { signal: controller.signal });
      |                       ^
  172 |     clearTimeout(timeout);
  173 |     if (!res.ok) throw new Error(`OSRM HTTP ${res.status}`);
  174 |     const body = await res.json(); (components/Map.tsx:182:13)
[browser] [Map] OSRM fallback to straight-line segments: TypeError: Failed to fetch
    at fetchRouteGeometry (components/Map.tsx:171:23)
    at MapPanel.useEffect (components/Map.tsx:693:30)
    at MapPanel.useEffect (components/Map.tsx:696:10)
  169 |     const controller = new AbortController();
  170 |     const timeout = setTimeout(() => controller.abort(), OSRM_TIMEOUT_MS);
> 171 |     const res = await fetch(url, { signal: controller.signal });
      |                       ^
  172 |     clearTimeout(timeout);
  173 |     if (!res.ok) throw new Error(`OSRM HTTP ${res.status}`);
  174 |     const body = await res.json(); (components/Map.tsx:182:13)
[browser] [Map] OSRM fallback to straight-line segments: TypeError: Failed to fetch
    at fetchRouteGeometry (components/Map.tsx:171:23)
    at MapPanel.useEffect (components/Map.tsx:693:30)
    at MapPanel.useEffect (components/Map.tsx:696:10)
  169 |     const controller = new AbortController();
  170 |     const timeout = setTimeout(() => controller.abort(), OSRM_TIMEOUT_MS);
> 171 |     const res = await fetch(url, { signal: controller.signal });
      |                       ^
  172 |     clearTimeout(timeout);
  173 |     if (!res.ok) throw new Error(`OSRM HTTP ${res.status}`);
  174 |     const body = await res.json(); (components/Map.tsx:182:13)
